timestamp;location;sensorID;ON;Activity
25/02/2008 00:20;HallBedroomDoor;HallBedroomDoor;ON;None
25/02/2008 09:33;HallBedroomDoor;HallBedroomDoor;ON;GoToBed
25/02/2008 09:33;HallBedroomDoor;HallBedroomDoor;ON;GoToBed
25/02/2008 09:36;HallToiletDoor;HallToiletDoor;ON;None
25/02/2008 09:37;HallBathroomDoor;HallBathroomDoor;ON;UseToilet
25/02/2008 09:37;ToiletFlush;ToiletFlush;ON;UseToilet
25/02/2008 09:37;ToiletFlush;ToiletFlush;ON;UseToilet
25/02/2008 09:37;HallBathroomDoor;HallBathroomDoor;ON;UseToilet
25/02/2008 09:49;PlatesCupboard;PlatesCupboard;ON;PrepareBreakfast
25/02/2008 09:49;PlatesCupboard;PlatesCupboard;ON;PrepareBreakfast
25/02/2008 09:49;Fridge;Fridge;ON;PrepareBreakfast
25/02/2008 09:49;Fridge;Fridge;ON;PrepareBreakfast
25/02/2008 09:49;Microwave;Microwave;ON;PrepareBreakfast
25/02/2008 09:50;GroceriesCupboard;GroceriesCupboard;ON;PrepareBreakfast
25/02/2008 09:52;Microwave;Microwave;ON;PrepareBreakfast
25/02/2008 09:53;GroceriesCupboard;GroceriesCupboard;ON;PrepareBreakfast
25/02/2008 09:57;Dishwasher;Dishwasher;ON;None
25/02/2008 09:57;PlatesCupboard;PlatesCupboard;ON;None
25/02/2008 09:58;PansCupboard;PansCupboard;ON;None
25/02/2008 09:59;CupsCupboard;CupsCupboard;ON;None
25/02/2008 10:00;PlatesCupboard;PlatesCupboard;ON;None
25/02/2008 10:02;HallToiletDoor;HallToiletDoor;ON;TakeShower
25/02/2008 10:10;HallToiletDoor;HallToiletDoor;ON;TakeShower
25/02/2008 10:10;HallToiletDoor;HallToiletDoor;ON;TakeShower
25/02/2008 10:19;Frontdoor;Frontdoor;ON;LeaveHouse
25/02/2008 16:54;Frontdoor;Frontdoor;ON;LeaveHouse
25/02/2008 16:59;Fridge;Fridge;ON;None
25/02/2008 16:59;GroceriesCupboard;GroceriesCupboard;ON;None
25/02/2008 16:59;Fridge;Fridge;ON;None
25/02/2008 17:00;HallBathroomDoor;HallBathroomDoor;ON;UseToilet
25/02/2008 17:01;ToiletFlush;ToiletFlush;ON;UseToilet
25/02/2008 17:01;HallBathroomDoor;HallBathroomDoor;ON;UseToilet
25/02/2008 17:17;PansCupboard;PansCupboard;ON;None
25/02/2008 17:17;PansCupboard;PansCupboard;ON;None
25/02/2008 17:17;PansCupboard;PansCupboard;ON;None
25/02/2008 17:19;Frontdoor;Frontdoor;ON;None
25/02/2008 17:22;PansCupboard;PansCupboard;ON;None
25/02/2008 17:55;Fridge;Fridge;ON;GetDrink
25/02/2008 17:55;Fridge;Fridge;ON;GetDrink
25/02/2008 17:55;CupsCupboard;CupsCupboard;ON;GetDrink
25/02/2008 17:55;CupsCupboard;CupsCupboard;ON;GetDrink
25/02/2008 17:55;CupsCupboard;CupsCupboard;ON;GetDrink
25/02/2008 17:55;Fridge;Fridge;ON;GetDrink
25/02/2008 17:55;Fridge;Fridge;ON;GetDrink
25/02/2008 18:31;HallBathroomDoor;HallBathroomDoor;ON;UseToilet
25/02/2008 18:32;HallBathroomDoor;HallBathroomDoor;ON;UseToilet
25/02/2008 18:33;ToiletFlush;ToiletFlush;ON;UseToilet
25/02/2008 18:33;HallBathroomDoor;HallBathroomDoor;ON;UseToilet
25/02/2008 19:21;HallBedroomDoor;HallBedroomDoor;ON;None
25/02/2008 19:21;HallBedroomDoor;HallBedroomDoor;ON;None
25/02/2008 19:36;CupsCupboard;CupsCupboard;ON;None
25/02/2008 19:40;GroceriesCupboard;GroceriesCupboard;ON;PrepareDinner
25/02/2008 19:40;Fridge;Fridge;ON;PrepareDinner
25/02/2008 19:41;Fridge;Fridge;ON;PrepareDinner
25/02/2008 19:41;Fridge;Fridge;ON;PrepareDinner
25/02/2008 19:41;Fridge;Fridge;ON;PrepareDinner
25/02/2008 19:41;Fridge;Fridge;ON;PrepareDinner
25/02/2008 19:41;GroceriesCupboard;GroceriesCupboard;ON;PrepareDinner
25/02/2008 19:47;Fridge;Fridge;ON;PrepareDinner
25/02/2008 19:54;PlatesCupboard;PlatesCupboard;ON;PrepareDinner
25/02/2008 19:56;PansCupboard;PansCupboard;ON;PrepareDinner
25/02/2008 19:56;PansCupboard;PansCupboard;ON;PrepareDinner
25/02/2008 19:56;CupsCupboard;CupsCupboard;ON;PrepareDinner
25/02/2008 19:56;CupsCupboard;CupsCupboard;ON;PrepareDinner
25/02/2008 19:57;Freezer;Freezer;ON;PrepareDinner
25/02/2008 20:00;Fridge;Fridge;ON;PrepareDinner
25/02/2008 20:00;Fridge;Fridge;ON;PrepareDinner
25/02/2008 20:01;Fridge;Fridge;ON;PrepareDinner
25/02/2008 20:01;PlatesCupboard;PlatesCupboard;ON;PrepareDinner
25/02/2008 20:04;Microwave;Microwave;ON;PrepareDinner
25/02/2008 20:04;Microwave;Microwave;ON;PrepareDinner
25/02/2008 20:10;Fridge;Fridge;ON;PrepareDinner
25/02/2008 20:18;Fridge;Fridge;ON;PrepareDinner
25/02/2008 20:19;PlatesCupboard;PlatesCupboard;ON;PrepareDinner
25/02/2008 20:20;Fridge;Fridge;ON;PrepareDinner
25/02/2008 20:23;Fridge;Fridge;ON;GetDrink
25/02/2008 20:23;Fridge;Fridge;ON;GetDrink
25/02/2008 21:08;HallToiletDoor;HallToiletDoor;ON;None
25/02/2008 21:08;HallToiletDoor;HallToiletDoor;ON;None
25/02/2008 21:45;Fridge;Fridge;ON;None
25/02/2008 21:51;HallBathroomDoor;HallBathroomDoor;ON;UseToilet
25/02/2008 21:51;HallBathroomDoor;HallBathroomDoor;ON;UseToilet
25/02/2008 21:52;ToiletFlush;ToiletFlush;ON;UseToilet
25/02/2008 21:52;HallBathroomDoor;HallBathroomDoor;ON;UseToilet
25/02/2008 21:54;Frontdoor;Frontdoor;ON;None
25/02/2008 21:55;PlatesCupboard;PlatesCupboard;ON;None
25/02/2008 21:56;Microwave;Microwave;ON;None
25/02/2008 21:59;Microwave;Microwave;ON;None
25/02/2008 23:05;Dishwasher;Dishwasher;ON;None
25/02/2008 23:06;Dishwasher;Dishwasher;ON;None
25/02/2008 23:11;PansCupboard;PansCupboard;ON;None
25/02/2008 23:19;Dishwasher;Dishwasher;ON;None
25/02/2008 23:21;HallBedroomDoor;HallBedroomDoor;ON;None
25/02/2008 23:22;HallToiletDoor;HallToiletDoor;ON;None
25/02/2008 23:28;HallBathroomDoor;HallBathroomDoor;ON;UseToilet
25/02/2008 23:28;HallBathroomDoor;HallBathroomDoor;ON;UseToilet
25/02/2008 23:30;HallToiletDoor;HallToiletDoor;ON;None
25/02/2008 23:31;HallBedroomDoor;HallBedroomDoor;ON;None
25/02/2008 23:32;HallBedroomDoor;HallBedroomDoor;ON;None
26/02/2008 00:38;HallBedroomDoor;HallBedroomDoor;ON;None
26/02/2008 00:38;HallToiletDoor;HallToiletDoor;ON;None
26/02/2008 00:38;HallBedroomDoor;HallBedroomDoor;ON;None
26/02/2008 00:39;HallToiletDoor;HallToiletDoor;ON;None
26/02/2008 00:39;HallToiletDoor;HallToiletDoor;ON;None
26/02/2008 00:39;HallToiletDoor;HallToiletDoor;ON;None
26/02/2008 00:39;HallToiletDoor;HallToiletDoor;ON;None
26/02/2008 00:39;ToiletFlush;ToiletFlush;ON;UseToilet
26/02/2008 00:39;HallToiletDoor;HallToiletDoor;ON;None
26/02/2008 00:40;HallToiletDoor;HallToiletDoor;ON;None
26/02/2008 00:40;HallToiletDoor;HallToiletDoor;ON;None
26/02/2008 00:46;HallBedroomDoor;HallBedroomDoor;ON;None
26/02/2008 00:46;HallBedroomDoor;HallBedroomDoor;ON;None
26/02/2008 03:13;HallBathroomDoor;HallBathroomDoor;ON;UseToilet
26/02/2008 03:14;ToiletFlush;ToiletFlush;ON;UseToilet
26/02/2008 03:14;HallBathroomDoor;HallBathroomDoor;ON;UseToilet
26/02/2008 08:35;HallBedroomDoor;HallBedroomDoor;ON;None
26/02/2008 08:36;HallBathroomDoor;HallBathroomDoor;ON;UseToilet
26/02/2008 08:36;HallBedroomDoor;HallBedroomDoor;ON;UseToilet
26/02/2008 08:36;HallBedroomDoor;HallBedroomDoor;ON;UseToilet
26/02/2008 08:36;HallBathroomDoor;HallBathroomDoor;ON;UseToilet
26/02/2008 09:15;HallBedroomDoor;HallBedroomDoor;ON;None
26/02/2008 09:15;HallBedroomDoor;HallBedroomDoor;ON;None
26/02/2008 09:15;HallBathroomDoor;HallBathroomDoor;ON;UseToilet
26/02/2008 09:18;HallBathroomDoor;HallBathroomDoor;ON;UseToilet
26/02/2008 09:18;ToiletFlush;ToiletFlush;ON;UseToilet
26/02/2008 09:26;PlatesCupboard;PlatesCupboard;ON;PrepareBreakfast
26/02/2008 09:26;GroceriesCupboard;GroceriesCupboard;ON;PrepareBreakfast
26/02/2008 09:27;GroceriesCupboard;GroceriesCupboard;ON;PrepareBreakfast
26/02/2008 09:28;Fridge;Fridge;ON;PrepareBreakfast
26/02/2008 09:28;Fridge;Fridge;ON;PrepareBreakfast
26/02/2008 09:48;HallToiletDoor;HallToiletDoor;ON;TakeShower
26/02/2008 09:48;HallToiletDoor;HallToiletDoor;ON;TakeShower
26/02/2008 09:58;HallToiletDoor;HallToiletDoor;ON;TakeShower
26/02/2008 09:58;HallToiletDoor;HallToiletDoor;ON;TakeShower
26/02/2008 10:06;Frontdoor;Frontdoor;ON;LeaveHouse
26/02/2008 20:31;Frontdoor;Frontdoor;ON;LeaveHouse
26/02/2008 20:31;Frontdoor;Frontdoor;ON;LeaveHouse
26/02/2008 20:33;HallBathroomDoor;HallBathroomDoor;ON;LeaveHouse
26/02/2008 21:02;HallBathroomDoor;HallBathroomDoor;ON;UseToilet
26/02/2008 21:03;ToiletFlush;ToiletFlush;ON;UseToilet
26/02/2008 21:03;HallBathroomDoor;HallBathroomDoor;ON;UseToilet
26/02/2008 21:39;Fridge;Fridge;ON;GetDrink
26/02/2008 21:39;Fridge;Fridge;ON;GetDrink
26/02/2008 21:40;CupsCupboard;CupsCupboard;ON;GetDrink
26/02/2008 21:40;Fridge;Fridge;ON;GetDrink
26/02/2008 22:10;Frontdoor;Frontdoor;ON;None
26/02/2008 22:10;Frontdoor;Frontdoor;ON;None
26/02/2008 22:56;HallBathroomDoor;HallBathroomDoor;ON;UseToilet
26/02/2008 22:57;ToiletFlush;ToiletFlush;ON;UseToilet
26/02/2008 22:58;HallBathroomDoor;HallBathroomDoor;ON;UseToilet
26/02/2008 22:58;HallBathroomDoor;HallBathroomDoor;ON;UseToilet
26/02/2008 22:58;HallBathroomDoor;HallBathroomDoor;ON;UseToilet
26/02/2008 22:58;HallBathroomDoor;HallBathroomDoor;ON;UseToilet
26/02/2008 22:58;HallBathroomDoor;HallBathroomDoor;ON;None
26/02/2008 22:59;HallBathroomDoor;HallBathroomDoor;ON;None
26/02/2008 22:59;HallBathroomDoor;HallBathroomDoor;ON;None
26/02/2008 23:00;HallBathroomDoor;HallBathroomDoor;ON;None
26/02/2008 23:01;HallToiletDoor;HallToiletDoor;ON;None
27/02/2008 05:29;HallBedroomDoor;HallBedroomDoor;ON;UseToilet
27/02/2008 05:29;HallBathroomDoor;HallBathroomDoor;ON;UseToilet
27/02/2008 05:30;ToiletFlush;ToiletFlush;ON;UseToilet
27/02/2008 05:30;HallBathroomDoor;HallBathroomDoor;ON;UseToilet
27/02/2008 08:00;HallBedroomDoor;HallBedroomDoor;ON;None
27/02/2008 08:00;HallBedroomDoor;HallBedroomDoor;ON;None
27/02/2008 08:01;PlatesCupboard;PlatesCupboard;ON;PrepareBreakfast
27/02/2008 08:01;GroceriesCupboard;GroceriesCupboard;ON;PrepareBreakfast
27/02/2008 08:01;Fridge;Fridge;ON;PrepareBreakfast
27/02/2008 08:01;Fridge;Fridge;ON;PrepareBreakfast
27/02/2008 08:13;HallBathroomDoor;HallBathroomDoor;ON;None
27/02/2008 08:13;HallBathroomDoor;HallBathroomDoor;ON;None
27/02/2008 08:15;ToiletFlush;ToiletFlush;ON;UseToilet
27/02/2008 08:15;HallBathroomDoor;HallBathroomDoor;ON;UseToilet
27/02/2008 08:26;HallToiletDoor;HallToiletDoor;ON;TakeShower
27/02/2008 08:26;HallToiletDoor;HallToiletDoor;ON;TakeShower
27/02/2008 08:34;Frontdoor;Frontdoor;ON;LeaveHouse
27/02/2008 18:58;Frontdoor;Frontdoor;ON;LeaveHouse
27/02/2008 18:59;GroceriesCupboard;GroceriesCupboard;ON;PrepareDinner
27/02/2008 19:00;Fridge;Fridge;ON;PrepareDinner
27/02/2008 19:02;PansCupboard;PansCupboard;ON;PrepareDinner
27/02/2008 19:02;Fridge;Fridge;ON;PrepareDinner
27/02/2008 19:03;Freezer;Freezer;ON;PrepareDinner
27/02/2008 19:05;Fridge;Fridge;ON;PrepareDinner
27/02/2008 19:05;Fridge;Fridge;ON;PrepareDinner
27/02/2008 19:08;Fridge;Fridge;ON;PrepareDinner
27/02/2008 19:09;PlatesCupboard;PlatesCupboard;ON;PrepareDinner
27/02/2008 19:16;PlatesCupboard;PlatesCupboard;ON;PrepareDinner
27/02/2008 19:19;CupsCupboard;CupsCupboard;ON;GetDrink
27/02/2008 19:19;Fridge;Fridge;ON;GetDrink
27/02/2008 20:35;HallBathroomDoor;HallBathroomDoor;ON;None
27/02/2008 20:35;ToiletFlush;ToiletFlush;ON;None
27/02/2008 20:35;HallBathroomDoor;HallBathroomDoor;ON;None
27/02/2008 23:03;HallBathroomDoor;HallBathroomDoor;ON;UseToilet
27/02/2008 23:05;ToiletFlush;ToiletFlush;ON;UseToilet
27/02/2008 23:05;HallBathroomDoor;HallBathroomDoor;ON;UseToilet
27/02/2008 23:06;Dishwasher;Dishwasher;ON;None
27/02/2008 23:06;PlatesCupboard;PlatesCupboard;ON;None
27/02/2008 23:06;CupsCupboard;CupsCupboard;ON;None
27/02/2008 23:06;CupsCupboard;CupsCupboard;ON;None
27/02/2008 23:10;PansCupboard;PansCupboard;ON;None
27/02/2008 23:16;PlatesCupboard;PlatesCupboard;ON;None
27/02/2008 23:20;Fridge;Fridge;ON;None
27/02/2008 23:20;Fridge;Fridge;ON;None
27/02/2008 23:23;Fridge;Fridge;ON;None
27/02/2008 23:23;Fridge;Fridge;ON;None
27/02/2008 23:26;HallBathroomDoor;HallBathroomDoor;ON;None
27/02/2008 23:37;ToiletFlush;ToiletFlush;ON;None
27/02/2008 23:37;ToiletFlush;ToiletFlush;ON;None
27/02/2008 23:37;HallToiletDoor;HallToiletDoor;ON;None
27/02/2008 23:42;PansCupboard;PansCupboard;ON;None
28/02/2008 00:10;HallToiletDoor;HallToiletDoor;ON;None
28/02/2008 00:11;HallBathroomDoor;HallBathroomDoor;ON;UseToilet
28/02/2008 00:13;ToiletFlush;ToiletFlush;ON;UseToilet
28/02/2008 00:13;HallBathroomDoor;HallBathroomDoor;ON;UseToilet
28/02/2008 00:13;HallBathroomDoor;HallBathroomDoor;ON;UseToilet
28/02/2008 00:13;HallBathroomDoor;HallBathroomDoor;ON;UseToilet
28/02/2008 00:13;HallToiletDoor;HallToiletDoor;ON;UseToilet
28/02/2008 00:15;HallToiletDoor;HallToiletDoor;ON;None
28/02/2008 00:16;HallToiletDoor;HallToiletDoor;ON;None
28/02/2008 00:20;HallBedroomDoor;HallBedroomDoor;ON;None
28/02/2008 07:05;HallBedroomDoor;HallBedroomDoor;ON;None
28/02/2008 07:05;HallBedroomDoor;HallBedroomDoor;ON;None
28/02/2008 07:06;HallBathroomDoor;HallBathroomDoor;ON;UseToilet
28/02/2008 07:07;ToiletFlush;ToiletFlush;ON;UseToilet
28/02/2008 07:07;HallBathroomDoor;HallBathroomDoor;ON;UseToilet
28/02/2008 09:48;HallBedroomDoor;HallBedroomDoor;ON;None
28/02/2008 09:48;HallBedroomDoor;HallBedroomDoor;ON;None
28/02/2008 09:48;HallBathroomDoor;HallBathroomDoor;ON;UseToilet
28/02/2008 09:49;HallBathroomDoor;HallBathroomDoor;ON;UseToilet
28/02/2008 09:49;ToiletFlush;ToiletFlush;ON;UseToilet
28/02/2008 09:50;PlatesCupboard;PlatesCupboard;ON;PrepareBreakfast
28/02/2008 09:50;GroceriesCupboard;GroceriesCupboard;ON;PrepareBreakfast
28/02/2008 09:50;GroceriesCupboard;GroceriesCupboard;ON;PrepareBreakfast
28/02/2008 09:50;GroceriesCupboard;GroceriesCupboard;ON;PrepareBreakfast
28/02/2008 09:50;GroceriesCupboard;GroceriesCupboard;ON;PrepareBreakfast
28/02/2008 09:50;GroceriesCupboard;GroceriesCupboard;ON;PrepareBreakfast
28/02/2008 09:51;GroceriesCupboard;GroceriesCupboard;ON;PrepareBreakfast
28/02/2008 09:51;GroceriesCupboard;GroceriesCupboard;ON;None
28/02/2008 09:51;Fridge;Fridge;ON;None
28/02/2008 10:35;HallBathroomDoor;HallBathroomDoor;ON;UseToilet
28/02/2008 10:37;ToiletFlush;ToiletFlush;ON;UseToilet
28/02/2008 10:37;HallBathroomDoor;HallBathroomDoor;ON;UseToilet
28/02/2008 10:38;HallToiletDoor;HallToiletDoor;ON;TakeShower
28/02/2008 10:46;HallToiletDoor;HallToiletDoor;ON;TakeShower
28/02/2008 10:46;HallToiletDoor;HallToiletDoor;ON;TakeShower
28/02/2008 10:58;Frontdoor;Frontdoor;ON;LeaveHouse
28/02/2008 18:34;Frontdoor;Frontdoor;ON;LeaveHouse
28/02/2008 18:35;Fridge;Fridge;ON;None
28/02/2008 18:35;Microwave;Microwave;ON;None
28/02/2008 18:37;Microwave;Microwave;ON;None
28/02/2008 18:37;Fridge;Fridge;ON;None
28/02/2008 18:37;Microwave;Microwave;ON;None
28/02/2008 18:48;HallBathroomDoor;HallBathroomDoor;ON;UseToilet
28/02/2008 18:48;ToiletFlush;ToiletFlush;ON;UseToilet
28/02/2008 18:48;HallBathroomDoor;HallBathroomDoor;ON;UseToilet
28/02/2008 18:49;HallToiletDoor;HallToiletDoor;ON;None
28/02/2008 18:49;HallToiletDoor;HallToiletDoor;ON;None
28/02/2008 18:53;Frontdoor;Frontdoor;ON;LeaveHouse
28/02/2008 21:35;Frontdoor;Frontdoor;ON;LeaveHouse
28/02/2008 21:40;HallBathroomDoor;HallBathroomDoor;ON;UseToilet
28/02/2008 21:42;ToiletFlush;ToiletFlush;ON;UseToilet
28/02/2008 21:42;HallBathroomDoor;HallBathroomDoor;ON;UseToilet
28/02/2008 22:20;GroceriesCupboard;GroceriesCupboard;ON;None
28/02/2008 22:21;GroceriesCupboard;GroceriesCupboard;ON;None
28/02/2008 22:22;HallToiletDoor;HallToiletDoor;ON;None
28/02/2008 22:22;HallToiletDoor;HallToiletDoor;ON;None
28/02/2008 23:23;HallToiletDoor;HallToiletDoor;ON;None
28/02/2008 23:23;HallBathroomDoor;HallBathroomDoor;ON;UseToilet
28/02/2008 23:23;HallBathroomDoor;HallBathroomDoor;ON;UseToilet
28/02/2008 23:24;ToiletFlush;ToiletFlush;ON;UseToilet
28/02/2008 23:24;HallBathroomDoor;HallBathroomDoor;ON;UseToilet
28/02/2008 23:24;HallToiletDoor;HallToiletDoor;ON;None
29/02/2008 08:03;HallBedroomDoor;HallBedroomDoor;ON;UseToilet
29/02/2008 08:03;HallBathroomDoor;HallBathroomDoor;ON;UseToilet
29/02/2008 08:03;HallBathroomDoor;HallBathroomDoor;ON;UseToilet
29/02/2008 08:03;HallBedroomDoor;HallBedroomDoor;ON;UseToilet
29/02/2008 08:04;HallBathroomDoor;HallBathroomDoor;ON;UseToilet
29/02/2008 10:20;HallBedroomDoor;HallBedroomDoor;ON;None
29/02/2008 10:20;HallBedroomDoor;HallBedroomDoor;ON;None
29/02/2008 10:22;PlatesCupboard;PlatesCupboard;ON;PrepareBreakfast
29/02/2008 10:22;GroceriesCupboard;GroceriesCupboard;ON;PrepareBreakfast
29/02/2008 10:23;Fridge;Fridge;ON;PrepareBreakfast
29/02/2008 10:30;HallBathroomDoor;HallBathroomDoor;ON;UseToilet
29/02/2008 10:30;ToiletFlush;ToiletFlush;ON;UseToilet
29/02/2008 10:30;ToiletFlush;ToiletFlush;ON;UseToilet
29/02/2008 10:30;HallBathroomDoor;HallBathroomDoor;ON;UseToilet
29/02/2008 10:30;HallToiletDoor;HallToiletDoor;ON;TakeShower
29/02/2008 10:31;HallToiletDoor;HallToiletDoor;ON;TakeShower
29/02/2008 10:38;HallToiletDoor;HallToiletDoor;ON;TakeShower
29/02/2008 10:38;HallToiletDoor;HallToiletDoor;ON;TakeShower
29/02/2008 10:48;Frontdoor;Frontdoor;ON;LeaveHouse
29/02/2008 18:17;Frontdoor;Frontdoor;ON;LeaveHouse
29/02/2008 18:18;Fridge;Fridge;ON;LeaveHouse
29/02/2008 18:41;Frontdoor;Frontdoor;ON;LeaveHouse
29/02/2008 19:20;Frontdoor;Frontdoor;ON;LeaveHouse
29/02/2008 19:24;HallBathroomDoor;HallBathroomDoor;ON;UseToilet
29/02/2008 19:24;ToiletFlush;ToiletFlush;ON;UseToilet
29/02/2008 19:25;HallBathroomDoor;HallBathroomDoor;ON;UseToilet
29/02/2008 19:41;Dishwasher;Dishwasher;ON;None
29/02/2008 19:41;Dishwasher;Dishwasher;ON;None
29/02/2008 19:45;Fridge;Fridge;ON;PrepareDinner
29/02/2008 19:46;CupsCupboard;CupsCupboard;ON;PrepareDinner
29/02/2008 19:46;PlatesCupboard;PlatesCupboard;ON;PrepareDinner
29/02/2008 19:46;Fridge;Fridge;ON;PrepareDinner
29/02/2008 19:47;GroceriesCupboard;GroceriesCupboard;ON;PrepareDinner
29/02/2008 19:47;Fridge;Fridge;ON;PrepareDinner
29/02/2008 19:49;PansCupboard;PansCupboard;ON;PrepareDinner
29/02/2008 20:10;Fridge;Fridge;ON;PrepareDinner
29/02/2008 20:13;PansCupboard;PansCupboard;ON;PrepareDinner
29/02/2008 20:37;PansCupboard;PansCupboard;ON;PrepareDinner
29/02/2008 20:43;Fridge;Fridge;ON;PrepareDinner
29/02/2008 20:43;Fridge;Fridge;ON;PrepareDinner
29/02/2008 20:43;Fridge;Fridge;ON;PrepareDinner
29/02/2008 20:44;PansCupboard;PansCupboard;ON;PrepareDinner
29/02/2008 20:45;Fridge;Fridge;ON;PrepareDinner
29/02/2008 20:51;CupsCupboard;CupsCupboard;ON;PrepareDinner
29/02/2008 20:51;PlatesCupboard;PlatesCupboard;ON;PrepareDinner
29/02/2008 20:52;PansCupboard;PansCupboard;ON;PrepareDinner
29/02/2008 20:52;PansCupboard;PansCupboard;ON;PrepareDinner
29/02/2008 20:52;PansCupboard;PansCupboard;ON;PrepareDinner
29/02/2008 20:52;PansCupboard;PansCupboard;ON;PrepareDinner
29/02/2008 20:52;PansCupboard;PansCupboard;ON;PrepareDinner
29/02/2008 20:53;PansCupboard;PansCupboard;ON;PrepareDinner
29/02/2008 20:55;Fridge;Fridge;ON;PrepareDinner
29/02/2008 20:55;Freezer;Freezer;ON;PrepareDinner
29/02/2008 20:55;Fridge;Fridge;ON;PrepareDinner
29/02/2008 20:58;PansCupboard;PansCupboard;ON;PrepareDinner
29/02/2008 20:59;Fridge;Fridge;ON;PrepareDinner
29/02/2008 22:03;Frontdoor;Frontdoor;ON;None
29/02/2008 22:03;Frontdoor;Frontdoor;ON;None
02/03/2008 19:37;Frontdoor;Frontdoor;ON;None
02/03/2008 20:32;HallToiletDoor;HallToiletDoor;ON;None
02/03/2008 20:32;HallToiletDoor;HallToiletDoor;ON;None
02/03/2008 20:32;Washingmachine;Washingmachine;ON;None
02/03/2008 20:37;HallBathroomDoor;HallBathroomDoor;ON;UseToilet
02/03/2008 20:37;ToiletFlush;ToiletFlush;ON;UseToilet
02/03/2008 20:37;HallBathroomDoor;HallBathroomDoor;ON;UseToilet
02/03/2008 20:38;HallBedroomDoor;HallBedroomDoor;ON;None
02/03/2008 20:38;HallBedroomDoor;HallBedroomDoor;ON;None
02/03/2008 20:38;HallToiletDoor;HallToiletDoor;ON;None
02/03/2008 20:56;HallBedroomDoor;HallBedroomDoor;ON;None
02/03/2008 20:56;HallBedroomDoor;HallBedroomDoor;ON;None
02/03/2008 20:57;Freezer;Freezer;ON;PrepareDinner
02/03/2008 21:00;PlatesCupboard;PlatesCupboard;ON;PrepareDinner
02/03/2008 21:00;PlatesCupboard;PlatesCupboard;ON;PrepareDinner
02/03/2008 21:00;Freezer;Freezer;ON;PrepareDinner
02/03/2008 21:01;Freezer;Freezer;ON;PrepareDinner
02/03/2008 21:49;Washingmachine;Washingmachine;ON;None
02/03/2008 21:49;Washingmachine;Washingmachine;ON;None
02/03/2008 21:57;HallBathroomDoor;HallBathroomDoor;ON;UseToilet
02/03/2008 21:58;HallBathroomDoor;HallBathroomDoor;ON;UseToilet
02/03/2008 21:58;HallBathroomDoor;HallBathroomDoor;ON;UseToilet
02/03/2008 21:58;ToiletFlush;ToiletFlush;ON;UseToilet
02/03/2008 22:03;HallBathroomDoor;HallBathroomDoor;ON;None
02/03/2008 22:03;ToiletFlush;ToiletFlush;ON;None
02/03/2008 22:03;HallBathroomDoor;HallBathroomDoor;ON;None
03/03/2008 08:49;HallBedroomDoor;HallBedroomDoor;ON;GoToBed
03/03/2008 08:49;HallBedroomDoor;HallBedroomDoor;ON;GoToBed
03/03/2008 08:50;HallBathroomDoor;HallBathroomDoor;ON;UseToilet
03/03/2008 08:52;HallBathroomDoor;HallBathroomDoor;ON;UseToilet
03/03/2008 09:01;PlatesCupboard;PlatesCupboard;ON;PrepareBreakfast
03/03/2008 09:01;GroceriesCupboard;GroceriesCupboard;ON;PrepareBreakfast
03/03/2008 09:01;GroceriesCupboard;GroceriesCupboard;ON;PrepareBreakfast
03/03/2008 09:02;PlatesCupboard;PlatesCupboard;ON;PrepareBreakfast
03/03/2008 09:02;GroceriesCupboard;GroceriesCupboard;ON;PrepareBreakfast
03/03/2008 09:02;Fridge;Fridge;ON;PrepareBreakfast
03/03/2008 09:02;Fridge;Fridge;ON;PrepareBreakfast
03/03/2008 09:17;HallToiletDoor;HallToiletDoor;ON;TakeShower
03/03/2008 09:17;HallToiletDoor;HallToiletDoor;ON;TakeShower
03/03/2008 09:31;HallToiletDoor;HallToiletDoor;ON;TakeShower
03/03/2008 09:31;HallToiletDoor;HallToiletDoor;ON;TakeShower
03/03/2008 09:45;Frontdoor;Frontdoor;ON;LeaveHouse
04/03/2008 09:07;Frontdoor;Frontdoor;ON;LeaveHouse
04/03/2008 09:10;HallBathroomDoor;HallBathroomDoor;ON;UseToilet
04/03/2008 09:11;HallBathroomDoor;HallBathroomDoor;ON;UseToilet
04/03/2008 09:11;ToiletFlush;ToiletFlush;ON;UseToilet
04/03/2008 09:11;HallBathroomDoor;HallBathroomDoor;ON;UseToilet
04/03/2008 09:12;HallToiletDoor;HallToiletDoor;ON;None
04/03/2008 09:16;Frontdoor;Frontdoor;ON;LeaveHouse
04/03/2008 18:19;Frontdoor;Frontdoor;ON;LeaveHouse
04/03/2008 18:20;HallBathroomDoor;HallBathroomDoor;ON;UseToilet
04/03/2008 18:22;ToiletFlush;ToiletFlush;ON;UseToilet
04/03/2008 18:22;HallBathroomDoor;HallBathroomDoor;ON;UseToilet
04/03/2008 18:22;HallToiletDoor;HallToiletDoor;ON;UseToilet
04/03/2008 18:24;Washingmachine;Washingmachine;ON;None
04/03/2008 18:29;HallBathroomDoor;HallBathroomDoor;ON;None
04/03/2008 18:30;Frontdoor;Frontdoor;ON;LeaveHouse
04/03/2008 23:43;Frontdoor;Frontdoor;ON;LeaveHouse
04/03/2008 23:45;HallBathroomDoor;HallBathroomDoor;ON;UseToilet
04/03/2008 23:46;Washingmachine;Washingmachine;ON;None
04/03/2008 23:52;Fridge;Fridge;ON;GetDrink
04/03/2008 23:52;CupsCupboard;CupsCupboard;ON;GetDrink
04/03/2008 23:52;Fridge;Fridge;ON;GetDrink
05/03/2008 00:01;HallBathroomDoor;HallBathroomDoor;ON;UseToilet
05/03/2008 00:04;ToiletFlush;ToiletFlush;ON;UseToilet
05/03/2008 00:04;HallToiletDoor;HallToiletDoor;ON;UseToilet
05/03/2008 00:18;HallToiletDoor;HallToiletDoor;ON;None
05/03/2008 00:18;HallToiletDoor;HallToiletDoor;ON;None
05/03/2008 00:20;HallBathroomDoor;HallBathroomDoor;ON;UseToilet
05/03/2008 00:21;ToiletFlush;ToiletFlush;ON;UseToilet
05/03/2008 00:21;HallToiletDoor;HallToiletDoor;ON;None
05/03/2008 05:58;HallBedroomDoor;HallBedroomDoor;ON;None
05/03/2008 05:59;HallBedroomDoor;HallBedroomDoor;ON;None
05/03/2008 06:00;HallBathroomDoor;HallBathroomDoor;ON;UseToilet
05/03/2008 06:00;ToiletFlush;ToiletFlush;ON;UseToilet
05/03/2008 06:00;HallBathroomDoor;HallBathroomDoor;ON;UseToilet
05/03/2008 09:27;HallBedroomDoor;HallBedroomDoor;ON;None
05/03/2008 09:27;HallBedroomDoor;HallBedroomDoor;ON;None
05/03/2008 09:28;HallBathroomDoor;HallBathroomDoor;ON;UseToilet
05/03/2008 09:29;ToiletFlush;ToiletFlush;ON;UseToilet
05/03/2008 09:29;HallBathroomDoor;HallBathroomDoor;ON;UseToilet
05/03/2008 09:29;PlatesCupboard;PlatesCupboard;ON;PrepareBreakfast
05/03/2008 09:30;GroceriesCupboard;GroceriesCupboard;ON;PrepareBreakfast
05/03/2008 09:30;Fridge;Fridge;ON;PrepareBreakfast
05/03/2008 09:30;GroceriesCupboard;GroceriesCupboard;ON;PrepareBreakfast
05/03/2008 09:30;Fridge;Fridge;ON;PrepareBreakfast
05/03/2008 09:45;HallToiletDoor;HallToiletDoor;ON;TakeShower
05/03/2008 09:45;HallToiletDoor;HallToiletDoor;ON;TakeShower
05/03/2008 09:45;HallBathroomDoor;HallBathroomDoor;ON;TakeShower
05/03/2008 09:53;HallToiletDoor;HallToiletDoor;ON;TakeShower
05/03/2008 09:53;HallToiletDoor;HallToiletDoor;ON;TakeShower
05/03/2008 10:12;Frontdoor;Frontdoor;ON;LeaveHouse
05/03/2008 19:48;Frontdoor;Frontdoor;ON;LeaveHouse
05/03/2008 19:52;Freezer;Freezer;ON;None
05/03/2008 19:55;GroceriesCupboard;GroceriesCupboard;ON;None
05/03/2008 19:55;PlatesCupboard;PlatesCupboard;ON;None
05/03/2008 20:13;HallBathroomDoor;HallBathroomDoor;ON;UseToilet
05/03/2008 20:14;ToiletFlush;ToiletFlush;ON;UseToilet
05/03/2008 20:14;HallBathroomDoor;HallBathroomDoor;ON;UseToilet
05/03/2008 20:15;PansCupboard;PansCupboard;ON;None
05/03/2008 20:15;PansCupboard;PansCupboard;ON;None
05/03/2008 20:20;PlatesCupboard;PlatesCupboard;ON;None
05/03/2008 20:20;Fridge;Fridge;ON;None
05/03/2008 20:20;Fridge;Fridge;ON;None
05/03/2008 20:20;Fridge;Fridge;ON;None
05/03/2008 20:23;PlatesCupboard;PlatesCupboard;ON;None
05/03/2008 22:58;HallToiletDoor;HallToiletDoor;ON;None
05/03/2008 23:07;HallBathroomDoor;HallBathroomDoor;ON;UseToilet
05/03/2008 23:08;ToiletFlush;ToiletFlush;ON;UseToilet
05/03/2008 23:08;HallBathroomDoor;HallBathroomDoor;ON;UseToilet
05/03/2008 23:30;HallToiletDoor;HallToiletDoor;ON;None
05/03/2008 23:30;HallToiletDoor;HallToiletDoor;ON;None
05/03/2008 23:32;HallBathroomDoor;HallBathroomDoor;ON;UseToilet
05/03/2008 23:33;ToiletFlush;ToiletFlush;ON;UseToilet
05/03/2008 23:33;ToiletFlush;ToiletFlush;ON;UseToilet
05/03/2008 23:33;ToiletFlush;ToiletFlush;ON;UseToilet
05/03/2008 23:33;ToiletFlush;ToiletFlush;ON;None
05/03/2008 23:33;ToiletFlush;ToiletFlush;ON;None
05/03/2008 23:33;ToiletFlush;ToiletFlush;ON;None
06/03/2008 04:37;HallBedroomDoor;HallBedroomDoor;ON;None
06/03/2008 04:37;HallBedroomDoor;HallBedroomDoor;ON;None
06/03/2008 04:38;HallBathroomDoor;HallBathroomDoor;ON;UseToilet
06/03/2008 04:38;HallBathroomDoor;HallBathroomDoor;ON;UseToilet
06/03/2008 08:38;HallBedroomDoor;HallBedroomDoor;ON;None
06/03/2008 08:38;HallBedroomDoor;HallBedroomDoor;ON;None
06/03/2008 08:39;HallBathroomDoor;HallBathroomDoor;ON;UseToilet
06/03/2008 08:40;HallBathroomDoor;HallBathroomDoor;ON;UseToilet
06/03/2008 09:04;PansCupboard;PansCupboard;ON;PrepareBreakfast
06/03/2008 09:04;Fridge;Fridge;ON;PrepareBreakfast
06/03/2008 09:04;Fridge;Fridge;ON;PrepareBreakfast
06/03/2008 09:04;Fridge;Fridge;ON;PrepareBreakfast
06/03/2008 09:05;Fridge;Fridge;ON;PrepareBreakfast
06/03/2008 09:05;PlatesCupboard;PlatesCupboard;ON;PrepareBreakfast
06/03/2008 09:05;Fridge;Fridge;ON;PrepareBreakfast
06/03/2008 09:07;Freezer;Freezer;ON;PrepareBreakfast
06/03/2008 09:07;PlatesCupboard;PlatesCupboard;ON;PrepareBreakfast
06/03/2008 09:07;Freezer;Freezer;ON;PrepareBreakfast
06/03/2008 09:09;CupsCupboard;CupsCupboard;ON;PrepareBreakfast
06/03/2008 09:09;Microwave;Microwave;ON;PrepareBreakfast
06/03/2008 09:09;Fridge;Fridge;ON;None
06/03/2008 09:38;HallBathroomDoor;HallBathroomDoor;ON;UseToilet
06/03/2008 09:40;ToiletFlush;ToiletFlush;ON;UseToilet
06/03/2008 09:42;ToiletFlush;ToiletFlush;ON;UseToilet
06/03/2008 09:42;HallBathroomDoor;HallBathroomDoor;ON;UseToilet
06/03/2008 09:42;HallToiletDoor;HallToiletDoor;ON;UseToilet
06/03/2008 10:23;HallToiletDoor;HallToiletDoor;ON;TakeShower
06/03/2008 10:23;HallToiletDoor;HallToiletDoor;ON;TakeShower
06/03/2008 10:30;HallToiletDoor;HallToiletDoor;ON;TakeShower
06/03/2008 10:30;HallToiletDoor;HallToiletDoor;ON;TakeShower
06/03/2008 10:38;Frontdoor;Frontdoor;ON;LeaveHouse
06/03/2008 17:41;Frontdoor;Frontdoor;ON;LeaveHouse
06/03/2008 17:46;Fridge;Fridge;ON;GetDrink
06/03/2008 17:46;Fridge;Fridge;ON;GetDrink
06/03/2008 18:52;HallBathroomDoor;HallBathroomDoor;ON;UseToilet
06/03/2008 18:53;ToiletFlush;ToiletFlush;ON;UseToilet
06/03/2008 18:53;ToiletFlush;ToiletFlush;ON;UseToilet
06/03/2008 18:53;HallBathroomDoor;HallBathroomDoor;ON;UseToilet
06/03/2008 18:54;GroceriesCupboard;GroceriesCupboard;ON;PrepareDinner
06/03/2008 18:54;Freezer;Freezer;ON;PrepareDinner
06/03/2008 19:00;CupsCupboard;CupsCupboard;ON;PrepareDinner
06/03/2008 19:01;PansCupboard;PansCupboard;ON;PrepareDinner
06/03/2008 19:01;PansCupboard;PansCupboard;ON;PrepareDinner
06/03/2008 19:02;GroceriesCupboard;GroceriesCupboard;ON;PrepareDinner
06/03/2008 19:05;Microwave;Microwave;ON;PrepareDinner
06/03/2008 19:08;PansCupboard;PansCupboard;ON;PrepareDinner
06/03/2008 19:10;GroceriesCupboard;GroceriesCupboard;ON;PrepareDinner
06/03/2008 19:11;PlatesCupboard;PlatesCupboard;ON;PrepareDinner
06/03/2008 19:15;Fridge;Fridge;ON;PrepareDinner
06/03/2008 19:21;PansCupboard;PansCupboard;ON;PrepareDinner
06/03/2008 19:25;PansCupboard;PansCupboard;ON;PrepareDinner
06/03/2008 19:35;PlatesCupboard;PlatesCupboard;ON;PrepareDinner
06/03/2008 19:40;Fridge;Fridge;ON;GetDrink
06/03/2008 19:40;Fridge;Fridge;ON;GetDrink
06/03/2008 19:53;Dishwasher;Dishwasher;ON;None
06/03/2008 19:53;Dishwasher;Dishwasher;ON;None
06/03/2008 19:54;PlatesCupboard;PlatesCupboard;ON;None
06/03/2008 19:54;PansCupboard;PansCupboard;ON;None
06/03/2008 19:55;PlatesCupboard;PlatesCupboard;ON;None
06/03/2008 19:55;CupsCupboard;CupsCupboard;ON;None
06/03/2008 19:56;PansCupboard;PansCupboard;ON;None
06/03/2008 19:56;PansCupboard;PansCupboard;ON;None
06/03/2008 19:57;CupsCupboard;CupsCupboard;ON;None
06/03/2008 19:57;CupsCupboard;CupsCupboard;ON;None
06/03/2008 19:57;CupsCupboard;CupsCupboard;ON;None
06/03/2008 19:57;PlatesCupboard;PlatesCupboard;ON;None
06/03/2008 19:59;Freezer;Freezer;ON;None
06/03/2008 20:00;PansCupboard;PansCupboard;ON;None
06/03/2008 20:05;Dishwasher;Dishwasher;ON;None
06/03/2008 20:11;Dishwasher;Dishwasher;ON;None
06/03/2008 20:12;PansCupboard;PansCupboard;ON;None
06/03/2008 20:12;PansCupboard;PansCupboard;ON;None
06/03/2008 20:14;PansCupboard;PansCupboard;ON;None
06/03/2008 20:16;GroceriesCupboard;GroceriesCupboard;ON;None
06/03/2008 20:17;GroceriesCupboard;GroceriesCupboard;ON;None
06/03/2008 20:31;PansCupboard;PansCupboard;ON;None
06/03/2008 20:31;PansCupboard;PansCupboard;ON;None
06/03/2008 20:32;PansCupboard;PansCupboard;ON;None
06/03/2008 20:33;PansCupboard;PansCupboard;ON;None
06/03/2008 21:34;GroceriesCupboard;GroceriesCupboard;ON;None
06/03/2008 21:34;GroceriesCupboard;GroceriesCupboard;ON;None
06/03/2008 21:35;GroceriesCupboard;GroceriesCupboard;ON;None
06/03/2008 21:35;Freezer;Freezer;ON;None
06/03/2008 21:35;GroceriesCupboard;GroceriesCupboard;ON;None
06/03/2008 21:35;GroceriesCupboard;GroceriesCupboard;ON;None
06/03/2008 21:37;GroceriesCupboard;GroceriesCupboard;ON;None
06/03/2008 21:37;CupsCupboard;CupsCupboard;ON;GetDrink
06/03/2008 21:37;Fridge;Fridge;ON;GetDrink
06/03/2008 22:44;HallBathroomDoor;HallBathroomDoor;ON;UseToilet
06/03/2008 22:46;ToiletFlush;ToiletFlush;ON;UseToilet
06/03/2008 22:46;HallBathroomDoor;HallBathroomDoor;ON;UseToilet
06/03/2008 22:46;HallToiletDoor;HallToiletDoor;ON;UseToilet
06/03/2008 22:47;HallToiletDoor;HallToiletDoor;ON;UseToilet
06/03/2008 23:14;HallToiletDoor;HallToiletDoor;ON;None
06/03/2008 23:14;HallToiletDoor;HallToiletDoor;ON;None
06/03/2008 23:17;HallBathroomDoor;HallBathroomDoor;ON;None
06/03/2008 23:18;HallBathroomDoor;HallBathroomDoor;ON;None
06/03/2008 23:18;ToiletFlush;ToiletFlush;ON;None
06/03/2008 23:18;HallBathroomDoor;HallBathroomDoor;ON;None
07/03/2008 06:59;HallBedroomDoor;HallBedroomDoor;ON;None
07/03/2008 06:59;HallBedroomDoor;HallBedroomDoor;ON;None
07/03/2008 06:59;HallBathroomDoor;HallBathroomDoor;ON;UseToilet
07/03/2008 07:00;HallBathroomDoor;HallBathroomDoor;ON;UseToilet
07/03/2008 08:38;HallBedroomDoor;HallBedroomDoor;ON;None
07/03/2008 08:38;HallBedroomDoor;HallBedroomDoor;ON;None
07/03/2008 08:44;HallBathroomDoor;HallBathroomDoor;ON;UseToilet
07/03/2008 08:45;ToiletFlush;ToiletFlush;ON;UseToilet
07/03/2008 08:45;HallBathroomDoor;HallBathroomDoor;ON;UseToilet
07/03/2008 08:49;Fridge;Fridge;ON;GetDrink
07/03/2008 08:49;CupsCupboard;CupsCupboard;ON;GetDrink
07/03/2008 08:49;Fridge;Fridge;ON;GetDrink
07/03/2008 08:50;PlatesCupboard;PlatesCupboard;ON;PrepareBreakfast
07/03/2008 08:50;GroceriesCupboard;GroceriesCupboard;ON;PrepareBreakfast
07/03/2008 08:50;Fridge;Fridge;ON;PrepareBreakfast
07/03/2008 08:51;Fridge;Fridge;ON;PrepareBreakfast
07/03/2008 09:07;HallToiletDoor;HallToiletDoor;ON;TakeShower
07/03/2008 09:15;HallToiletDoor;HallToiletDoor;ON;TakeShower
07/03/2008 09:29;Frontdoor;Frontdoor;ON;LeaveHouse
07/03/2008 09:29;Frontdoor;Frontdoor;ON;LeaveHouse
08/03/2008 01:07;Frontdoor;Frontdoor;ON;LeaveHouse
08/03/2008 01:12;CupsCupboard;CupsCupboard;ON;GetDrink
08/03/2008 01:12;CupsCupboard;CupsCupboard;ON;GetDrink
08/03/2008 01:12;CupsCupboard;CupsCupboard;ON;GetDrink
08/03/2008 01:12;CupsCupboard;CupsCupboard;ON;GetDrink
08/03/2008 01:12;CupsCupboard;CupsCupboard;ON;None
08/03/2008 01:13;CupsCupboard;CupsCupboard;ON;None
08/03/2008 01:13;CupsCupboard;CupsCupboard;ON;None
08/03/2008 01:14;CupsCupboard;CupsCupboard;ON;None
08/03/2008 01:14;Fridge;Fridge;ON;None
08/03/2008 03:21;HallToiletDoor;HallToiletDoor;ON;UseToilet
08/03/2008 03:21;HallToiletDoor;HallToiletDoor;ON;UseToilet
08/03/2008 03:21;HallToiletDoor;HallToiletDoor;ON;UseToilet
08/03/2008 03:22;HallToiletDoor;HallToiletDoor;ON;UseToilet
08/03/2008 03:22;HallBathroomDoor;HallBathroomDoor;ON;UseToilet
08/03/2008 03:23;HallToiletDoor;HallToiletDoor;ON;UseToilet
08/03/2008 03:23;HallBathroomDoor;HallBathroomDoor;ON;UseToilet
08/03/2008 03:26;HallBedroomDoor;HallBedroomDoor;ON;GoToBed
08/03/2008 08:20;HallBedroomDoor;HallBedroomDoor;ON;GoToBed
08/03/2008 08:20;HallBedroomDoor;HallBedroomDoor;ON;GoToBed
08/03/2008 08:20;HallBathroomDoor;HallBathroomDoor;ON;UseToilet
08/03/2008 08:21;ToiletFlush;ToiletFlush;ON;UseToilet
08/03/2008 08:21;HallBathroomDoor;HallBathroomDoor;ON;UseToilet
08/03/2008 08:22;CupsCupboard;CupsCupboard;ON;GetDrink
08/03/2008 08:22;Fridge;Fridge;ON;GetDrink
08/03/2008 08:22;Fridge;Fridge;ON;GetDrink
08/03/2008 08:33;HallBathroomDoor;HallBathroomDoor;ON;UseToilet
08/03/2008 08:35;ToiletFlush;ToiletFlush;ON;UseToilet
08/03/2008 08:35;HallBathroomDoor;HallBathroomDoor;ON;UseToilet
08/03/2008 08:35;HallBathroomDoor;HallBathroomDoor;ON;UseToilet
08/03/2008 08:35;ToiletFlush;ToiletFlush;ON;UseToilet
08/03/2008 08:35;HallToiletDoor;HallToiletDoor;ON;UseToilet
08/03/2008 08:35;ToiletFlush;ToiletFlush;ON;UseToilet
08/03/2008 08:35;HallBathroomDoor;HallBathroomDoor;ON;UseToilet
08/03/2008 08:46;HallBathroomDoor;HallBathroomDoor;ON;None
08/03/2008 10:00;HallBathroomDoor;HallBathroomDoor;ON;UseToilet
08/03/2008 10:00;HallBathroomDoor;HallBathroomDoor;ON;UseToilet
08/03/2008 10:01;ToiletFlush;ToiletFlush;ON;UseToilet
08/03/2008 10:26;HallBedroomDoor;HallBedroomDoor;ON;None
08/03/2008 10:26;HallBedroomDoor;HallBedroomDoor;ON;None
08/03/2008 10:26;PansCupboard;PansCupboard;ON;PrepareBreakfast
08/03/2008 10:26;Dishwasher;Dishwasher;ON;PrepareBreakfast
08/03/2008 10:27;PlatesCupboard;PlatesCupboard;ON;PrepareBreakfast
08/03/2008 10:27;Freezer;Freezer;ON;PrepareBreakfast
08/03/2008 10:29;Fridge;Fridge;ON;PrepareBreakfast
08/03/2008 10:56;Fridge;Fridge;ON;None
08/03/2008 11:08;HallToiletDoor;HallToiletDoor;ON;None
08/03/2008 11:08;HallToiletDoor;HallToiletDoor;ON;None
08/03/2008 11:12;HallBathroomDoor;HallBathroomDoor;ON;UseToilet
08/03/2008 11:12;HallToiletDoor;HallToiletDoor;ON;UseToilet
08/03/2008 11:15;ToiletFlush;ToiletFlush;ON;UseToilet
08/03/2008 11:15;HallBathroomDoor;HallBathroomDoor;ON;UseToilet
08/03/2008 11:15;HallToiletDoor;HallToiletDoor;ON;None
08/03/2008 11:22;HallToiletDoor;HallToiletDoor;ON;TakeShower
08/03/2008 11:23;HallToiletDoor;HallToiletDoor;ON;TakeShower
08/03/2008 11:36;Frontdoor;Frontdoor;ON;LeaveHouse
08/03/2008 11:36;Frontdoor;Frontdoor;ON;LeaveHouse
10/03/2008 06:18;Frontdoor;Frontdoor;ON;LeaveHouse
10/03/2008 06:19;HallBedroomDoor;HallBedroomDoor;ON;None
10/03/2008 06:19;HallBedroomDoor;HallBedroomDoor;ON;None
10/03/2008 06:20;HallBathroomDoor;HallBathroomDoor;ON;None
10/03/2008 06:20;ToiletFlush;ToiletFlush;ON;None
10/03/2008 06:21;Frontdoor;Frontdoor;ON;None
10/03/2008 08:33;HallBedroomDoor;HallBedroomDoor;ON;GoToBed
10/03/2008 08:33;HallBedroomDoor;HallBedroomDoor;ON;GoToBed
10/03/2008 08:35;HallBathroomDoor;HallBathroomDoor;ON;UseToilet
10/03/2008 08:35;ToiletFlush;ToiletFlush;ON;UseToilet
10/03/2008 08:35;HallBathroomDoor;HallBathroomDoor;ON;UseToilet
10/03/2008 08:49;HallBathroomDoor;HallBathroomDoor;ON;UseToilet
10/03/2008 08:51;ToiletFlush;ToiletFlush;ON;UseToilet
10/03/2008 08:51;HallBathroomDoor;HallBathroomDoor;ON;UseToilet
10/03/2008 08:51;HallToiletDoor;HallToiletDoor;ON;UseToilet
10/03/2008 09:08;HallBathroomDoor;HallBathroomDoor;ON;None
10/03/2008 09:08;HallBathroomDoor;HallBathroomDoor;ON;None
10/03/2008 09:25;HallToiletDoor;HallToiletDoor;ON;None
10/03/2008 09:26;HallToiletDoor;HallToiletDoor;ON;PrepareBreakfast
10/03/2008 09:26;PlatesCupboard;PlatesCupboard;ON;PrepareBreakfast
10/03/2008 09:26;GroceriesCupboard;GroceriesCupboard;ON;PrepareBreakfast
10/03/2008 09:26;Fridge;Fridge;ON;PrepareBreakfast
10/03/2008 09:26;Fridge;Fridge;ON;PrepareBreakfast
10/03/2008 09:35;Dishwasher;Dishwasher;ON;None
10/03/2008 09:35;Dishwasher;Dishwasher;ON;None
10/03/2008 09:41;Dishwasher;Dishwasher;ON;None
10/03/2008 09:47;HallToiletDoor;HallToiletDoor;ON;TakeShower
10/03/2008 09:55;HallToiletDoor;HallToiletDoor;ON;TakeShower
10/03/2008 09:55;HallToiletDoor;HallToiletDoor;ON;TakeShower
10/03/2008 10:29;Frontdoor;Frontdoor;ON;LeaveHouse
10/03/2008 10:29;Frontdoor;Frontdoor;ON;LeaveHouse
10/03/2008 10:30;Frontdoor;Frontdoor;ON;LeaveHouse
10/03/2008 19:23;Frontdoor;Frontdoor;ON;LeaveHouse
10/03/2008 19:25;ToiletFlush;ToiletFlush;ON;UseToilet
10/03/2008 19:33;Fridge;Fridge;ON;PrepareDinner
10/03/2008 19:33;Fridge;Fridge;ON;PrepareDinner
10/03/2008 19:33;GroceriesCupboard;GroceriesCupboard;ON;PrepareDinner
10/03/2008 19:39;Freezer;Freezer;ON;PrepareDinner
10/03/2008 19:39;Freezer;Freezer;ON;PrepareDinner
10/03/2008 19:40;GroceriesCupboard;GroceriesCupboard;ON;PrepareDinner
10/03/2008 19:44;Fridge;Fridge;ON;PrepareDinner
10/03/2008 19:50;Freezer;Freezer;ON;PrepareDinner
10/03/2008 19:50;Freezer;Freezer;ON;PrepareDinner
10/03/2008 20:09;PlatesCupboard;PlatesCupboard;ON;PrepareDinner
10/03/2008 20:09;PlatesCupboard;PlatesCupboard;ON;PrepareDinner
10/03/2008 20:11;Fridge;Fridge;ON;GetDrink
10/03/2008 20:11;Fridge;Fridge;ON;GetDrink
10/03/2008 20:11;Fridge;Fridge;ON;GetDrink
10/03/2008 20:11;Fridge;Fridge;ON;None
10/03/2008 20:11;CupsCupboard;CupsCupboard;ON;None
10/03/2008 20:54;ToiletFlush;ToiletFlush;ON;UseToilet
10/03/2008 20:54;HallToiletDoor;HallToiletDoor;ON;UseToilet
10/03/2008 20:54;ToiletFlush;ToiletFlush;ON;UseToilet
10/03/2008 21:29;Freezer;Freezer;ON;None
10/03/2008 21:32;Freezer;Freezer;ON;GetDrink
10/03/2008 21:32;Freezer;Freezer;ON;GetDrink
10/03/2008 21:32;Fridge;Fridge;ON;GetDrink
10/03/2008 21:33;Fridge;Fridge;ON;GetDrink
10/03/2008 21:33;CupsCupboard;CupsCupboard;ON;GetDrink
10/03/2008 21:33;Dishwasher;Dishwasher;ON;GetDrink
10/03/2008 21:38;GroceriesCupboard;GroceriesCupboard;ON;None
10/03/2008 22:03;ToiletFlush;ToiletFlush;ON;UseToilet
10/03/2008 22:03;ToiletFlush;ToiletFlush;ON;UseToilet
10/03/2008 22:03;HallToiletDoor;HallToiletDoor;ON;UseToilet
11/03/2008 06:51;HallBedroomDoor;HallBedroomDoor;ON;None
11/03/2008 06:51;HallBedroomDoor;HallBedroomDoor;ON;None
11/03/2008 06:52;ToiletFlush;ToiletFlush;ON;UseToilet
11/03/2008 06:53;HallBedroomDoor;HallBedroomDoor;ON;None
11/03/2008 08:43;HallBedroomDoor;HallBedroomDoor;ON;None
11/03/2008 08:43;HallBedroomDoor;HallBedroomDoor;ON;None
11/03/2008 09:01;ToiletFlush;ToiletFlush;ON;UseToilet
11/03/2008 09:01;ToiletFlush;ToiletFlush;ON;UseToilet
11/03/2008 09:18;ToiletFlush;ToiletFlush;ON;UseToilet
11/03/2008 09:18;ToiletFlush;ToiletFlush;ON;UseToilet
11/03/2008 09:18;HallToiletDoor;HallToiletDoor;ON;None
11/03/2008 09:18;HallToiletDoor;HallToiletDoor;ON;None
11/03/2008 09:26;HallToiletDoor;HallToiletDoor;ON;TakeShower
11/03/2008 09:26;HallToiletDoor;HallToiletDoor;ON;TakeShower
11/03/2008 09:33;Frontdoor;Frontdoor;ON;LeaveHouse
11/03/2008 17:57;Frontdoor;Frontdoor;ON;LeaveHouse
11/03/2008 17:58;Freezer;Freezer;ON;PrepareDinner
11/03/2008 18:02;PlatesCupboard;PlatesCupboard;ON;PrepareDinner
11/03/2008 18:12;Freezer;Freezer;ON;PrepareDinner
11/03/2008 18:12;Freezer;Freezer;ON;PrepareDinner
11/03/2008 18:16;CupsCupboard;CupsCupboard;ON;GetDrink
11/03/2008 18:16;Fridge;Fridge;ON;GetDrink
11/03/2008 18:29;HallToiletDoor;HallToiletDoor;ON;None
11/03/2008 18:30;ToiletFlush;ToiletFlush;ON;UseToilet
11/03/2008 18:35;Frontdoor;Frontdoor;ON;LeaveHouse
11/03/2008 18:35;Frontdoor;Frontdoor;ON;LeaveHouse
11/03/2008 20:38;HallToiletDoor;HallToiletDoor;ON;LeaveHouse
11/03/2008 20:38;HallToiletDoor;HallToiletDoor;ON;LeaveHouse
11/03/2008 20:41;Frontdoor;Frontdoor;ON;LeaveHouse
11/03/2008 20:48;Fridge;Fridge;ON;GetDrink
11/03/2008 20:48;Fridge;Fridge;ON;GetDrink
11/03/2008 20:51;Fridge;Fridge;ON;GetDrink
11/03/2008 21:13;Fridge;Fridge;ON;GetDrink
11/03/2008 21:14;CupsCupboard;CupsCupboard;ON;GetDrink
11/03/2008 21:14;Fridge;Fridge;ON;GetDrink
11/03/2008 21:52;ToiletFlush;ToiletFlush;ON;UseToilet
11/03/2008 21:52;ToiletFlush;ToiletFlush;ON;UseToilet
11/03/2008 21:53;HallToiletDoor;HallToiletDoor;ON;None
11/03/2008 21:53;HallToiletDoor;HallToiletDoor;ON;None
12/03/2008 03:04;HallBedroomDoor;HallBedroomDoor;ON;None
12/03/2008 03:04;HallBedroomDoor;HallBedroomDoor;ON;UseToilet
12/03/2008 03:05;ToiletFlush;ToiletFlush;ON;UseToilet
12/03/2008 08:41;HallBedroomDoor;HallBedroomDoor;ON;None
12/03/2008 08:42;ToiletFlush;ToiletFlush;ON;UseToilet
12/03/2008 09:48;Fridge;Fridge;ON;PrepareBreakfast
12/03/2008 09:48;Fridge;Fridge;ON;PrepareBreakfast
12/03/2008 09:49;Freezer;Freezer;ON;PrepareBreakfast
12/03/2008 09:49;PlatesCupboard;PlatesCupboard;ON;PrepareBreakfast
12/03/2008 09:50;Freezer;Freezer;ON;PrepareBreakfast
12/03/2008 09:51;Fridge;Fridge;ON;PrepareBreakfast
12/03/2008 09:52;Fridge;Fridge;ON;PrepareBreakfast
12/03/2008 09:59;CupsCupboard;CupsCupboard;ON;GetDrink
12/03/2008 09:59;Fridge;Fridge;ON;GetDrink
12/03/2008 11:04;ToiletFlush;ToiletFlush;ON;UseToilet
12/03/2008 11:04;HallToiletDoor;HallToiletDoor;ON;UseToilet
12/03/2008 11:04;ToiletFlush;ToiletFlush;ON;UseToilet
12/03/2008 11:10;Frontdoor;Frontdoor;ON;LeaveHouse
12/03/2008 12:21;Frontdoor;Frontdoor;ON;LeaveHouse
12/03/2008 12:41;HallToiletDoor;HallToiletDoor;ON;TakeShower
12/03/2008 12:46;HallToiletDoor;HallToiletDoor;ON;TakeShower
12/03/2008 12:54;Frontdoor;Frontdoor;ON;LeaveHouse
12/03/2008 12:55;Frontdoor;Frontdoor;ON;LeaveHouse
13/03/2008 00:52;Frontdoor;Frontdoor;ON;LeaveHouse
13/03/2008 00:54;Freezer;Freezer;ON;None
13/03/2008 00:54;PlatesCupboard;PlatesCupboard;ON;None
13/03/2008 00:55;GroceriesCupboard;GroceriesCupboard;ON;None
13/03/2008 00:56;GroceriesCupboard;GroceriesCupboard;ON;None
13/03/2008 01:18;HallToiletDoor;HallToiletDoor;ON;UseToilet
13/03/2008 01:20;ToiletFlush;ToiletFlush;ON;UseToilet
13/03/2008 01:20;HallToiletDoor;HallToiletDoor;ON;UseToilet
13/03/2008 01:23;HallToiletDoor;HallToiletDoor;ON;None
13/03/2008 06:27;HallBedroomDoor;HallBedroomDoor;ON;None
13/03/2008 06:27;HallBedroomDoor;HallBedroomDoor;ON;None
13/03/2008 06:28;ToiletFlush;ToiletFlush;ON;UseToilet
13/03/2008 06:30;HallToiletDoor;HallToiletDoor;ON;None
13/03/2008 08:21;HallBedroomDoor;HallBedroomDoor;ON;None
13/03/2008 08:21;HallBedroomDoor;HallBedroomDoor;ON;None
13/03/2008 08:22;HallToiletDoor;HallToiletDoor;ON;UseToilet
13/03/2008 08:22;ToiletFlush;ToiletFlush;ON;UseToilet
13/03/2008 08:22;HallToiletDoor;HallToiletDoor;ON;UseToilet
13/03/2008 09:19;PlatesCupboard;PlatesCupboard;ON;PrepareBreakfast
13/03/2008 09:19;GroceriesCupboard;GroceriesCupboard;ON;PrepareBreakfast
13/03/2008 09:20;GroceriesCupboard;GroceriesCupboard;ON;PrepareBreakfast
13/03/2008 09:20;GroceriesCupboard;GroceriesCupboard;ON;PrepareBreakfast
13/03/2008 09:20;GroceriesCupboard;GroceriesCupboard;ON;PrepareBreakfast
13/03/2008 09:20;Fridge;Fridge;ON;PrepareBreakfast
13/03/2008 09:41;HallToiletDoor;HallToiletDoor;ON;TakeShower
13/03/2008 09:47;HallToiletDoor;HallToiletDoor;ON;TakeShower
13/03/2008 09:47;HallToiletDoor;HallToiletDoor;ON;TakeShower
13/03/2008 09:57;Frontdoor;Frontdoor;ON;LeaveHouse
13/03/2008 17:50;Frontdoor;Frontdoor;ON;LeaveHouse
13/03/2008 17:53;HallBathroomDoor;HallBathroomDoor;ON;UseToilet
13/03/2008 17:54;ToiletFlush;ToiletFlush;ON;UseToilet
13/03/2008 17:54;HallBathroomDoor;HallBathroomDoor;ON;UseToilet
13/03/2008 17:54;ToiletFlush;ToiletFlush;ON;None
13/03/2008 18:39;GroceriesCupboard;GroceriesCupboard;ON;None
13/03/2008 18:39;GroceriesCupboard;GroceriesCupboard;ON;None
13/03/2008 18:39;CupsCupboard;CupsCupboard;ON;None
13/03/2008 18:40;GroceriesCupboard;GroceriesCupboard;ON;None
13/03/2008 18:54;HallBathroomDoor;HallBathroomDoor;ON;None
13/03/2008 18:55;HallBathroomDoor;HallBathroomDoor;ON;None
13/03/2008 18:56;Microwave;Microwave;ON;None
13/03/2008 19:00;HallBedroomDoor;HallBedroomDoor;ON;None
13/03/2008 19:07;Frontdoor;Frontdoor;ON;None
13/03/2008 19:07;Frontdoor;Frontdoor;ON;None
13/03/2008 20:26;Frontdoor;Frontdoor;ON;None
13/03/2008 20:27;Frontdoor;Frontdoor;ON;None
13/03/2008 20:31;HallBathroomDoor;HallBathroomDoor;ON;UseToilet
13/03/2008 20:33;ToiletFlush;ToiletFlush;ON;UseToilet
13/03/2008 20:33;HallBathroomDoor;HallBathroomDoor;ON;UseToilet
13/03/2008 20:33;HallToiletDoor;HallToiletDoor;ON;UseToilet
13/03/2008 20:33;Frontdoor;Frontdoor;ON;None
13/03/2008 20:34;Frontdoor;Frontdoor;ON;None
13/03/2008 20:34;Frontdoor;Frontdoor;ON;LeaveHouse
14/03/2008 00:34;Frontdoor;Frontdoor;ON;LeaveHouse
14/03/2008 00:36;Fridge;Fridge;ON;LeaveHouse
14/03/2008 00:36;Fridge;Fridge;ON;LeaveHouse
14/03/2008 00:37;HallToiletDoor;HallToiletDoor;ON;LeaveHouse
14/03/2008 00:38;HallBathroomDoor;HallBathroomDoor;ON;UseToilet
14/03/2008 00:39;HallBathroomDoor;HallBathroomDoor;ON;UseToilet
14/03/2008 00:45;HallBedroomDoor;HallBedroomDoor;ON;None
14/03/2008 00:45;HallBedroomDoor;HallBedroomDoor;ON;None
14/03/2008 00:45;HallToiletDoor;HallToiletDoor;ON;None
14/03/2008 05:29;HallBedroomDoor;HallBedroomDoor;ON;None
14/03/2008 05:29;HallBedroomDoor;HallBedroomDoor;ON;UseToilet
14/03/2008 05:29;HallBathroomDoor;HallBathroomDoor;ON;UseToilet
14/03/2008 05:34;ToiletFlush;ToiletFlush;ON;UseToilet
14/03/2008 05:34;HallToiletDoor;HallToiletDoor;ON;UseToilet
14/03/2008 05:34;HallToiletDoor;HallToiletDoor;ON;UseToilet
14/03/2008 05:34;ToiletFlush;ToiletFlush;ON;UseToilet
14/03/2008 05:34;HallBathroomDoor;HallBathroomDoor;ON;UseToilet
14/03/2008 05:35;ToiletFlush;ToiletFlush;ON;UseToilet
14/03/2008 05:36;ToiletFlush;ToiletFlush;ON;UseToilet
14/03/2008 05:38;ToiletFlush;ToiletFlush;ON;UseToilet
14/03/2008 05:39;HallBathroomDoor;HallBathroomDoor;ON;UseToilet
14/03/2008 05:39;HallToiletDoor;HallToiletDoor;ON;UseToilet
14/03/2008 08:58;HallBedroomDoor;HallBedroomDoor;ON;None
14/03/2008 08:58;HallBedroomDoor;HallBedroomDoor;ON;None
14/03/2008 08:59;HallToiletDoor;HallToiletDoor;ON;None
14/03/2008 09:12;HallBathroomDoor;HallBathroomDoor;ON;UseToilet
14/03/2008 09:13;ToiletFlush;ToiletFlush;ON;UseToilet
14/03/2008 09:14;HallBathroomDoor;HallBathroomDoor;ON;UseToilet
14/03/2008 09:14;ToiletFlush;ToiletFlush;ON;UseToilet
14/03/2008 09:15;PlatesCupboard;PlatesCupboard;ON;PrepareBreakfast
14/03/2008 09:15;GroceriesCupboard;GroceriesCupboard;ON;PrepareBreakfast
14/03/2008 09:15;Fridge;Fridge;ON;PrepareBreakfast
14/03/2008 09:18;PlatesCupboard;PlatesCupboard;ON;PrepareBreakfast
14/03/2008 09:57;HallBathroomDoor;HallBathroomDoor;ON;UseToilet
14/03/2008 09:59;ToiletFlush;ToiletFlush;ON;UseToilet
14/03/2008 10:00;HallBathroomDoor;HallBathroomDoor;ON;UseToilet
14/03/2008 10:00;HallToiletDoor;HallToiletDoor;ON;UseToilet
14/03/2008 10:31;HallToiletDoor;HallToiletDoor;ON;TakeShower
14/03/2008 10:31;HallToiletDoor;HallToiletDoor;ON;TakeShower
14/03/2008 10:40;HallToiletDoor;HallToiletDoor;ON;TakeShower
14/03/2008 10:40;HallToiletDoor;HallToiletDoor;ON;TakeShower
14/03/2008 10:49;Frontdoor;Frontdoor;ON;LeaveHouse
14/03/2008 17:13;Frontdoor;Frontdoor;ON;LeaveHouse
14/03/2008 17:13;Fridge;Fridge;ON;None
14/03/2008 17:14;PlatesCupboard;PlatesCupboard;ON;None
14/03/2008 17:14;Microwave;Microwave;ON;None
14/03/2008 17:14;Fridge;Fridge;ON;None
14/03/2008 17:15;Microwave;Microwave;ON;None
14/03/2008 17:20;HallBathroomDoor;HallBathroomDoor;ON;UseToilet
14/03/2008 17:20;HallBathroomDoor;HallBathroomDoor;ON;UseToilet
14/03/2008 17:55;Frontdoor;Frontdoor;ON;LeaveHouse
14/03/2008 22:54;Frontdoor;Frontdoor;ON;LeaveHouse
14/03/2008 22:55;PlatesCupboard;PlatesCupboard;ON;None
14/03/2008 22:55;Fridge;Fridge;ON;None
14/03/2008 22:56;Fridge;Fridge;ON;None
14/03/2008 22:56;Microwave;Microwave;ON;None
14/03/2008 22:57;Microwave;Microwave;ON;None
14/03/2008 23:04;HallBathroomDoor;HallBathroomDoor;ON;UseToilet
14/03/2008 23:05;ToiletFlush;ToiletFlush;ON;UseToilet
14/03/2008 23:05;HallBathroomDoor;HallBathroomDoor;ON;UseToilet
14/03/2008 23:57;HallBathroomDoor;HallBathroomDoor;ON;UseToilet
14/03/2008 23:57;ToiletFlush;ToiletFlush;ON;UseToilet
14/03/2008 23:57;HallBathroomDoor;HallBathroomDoor;ON;UseToilet
14/03/2008 23:58;HallToiletDoor;HallToiletDoor;ON;UseToilet
15/03/2008 04:06;HallBedroomDoor;HallBedroomDoor;ON;None
15/03/2008 04:06;HallBedroomDoor;HallBedroomDoor;ON;UseToilet
15/03/2008 04:07;HallBathroomDoor;HallBathroomDoor;ON;UseToilet
15/03/2008 04:07;HallBathroomDoor;HallBathroomDoor;ON;UseToilet
15/03/2008 08:59;HallBedroomDoor;HallBedroomDoor;ON;UseToilet
15/03/2008 08:59;HallBathroomDoor;HallBathroomDoor;ON;UseToilet
15/03/2008 08:59;HallBathroomDoor;HallBathroomDoor;ON;UseToilet
15/03/2008 08:59;HallBedroomDoor;HallBedroomDoor;ON;UseToilet
15/03/2008 09:00;ToiletFlush;ToiletFlush;ON;UseToilet
15/03/2008 09:01;HallBedroomDoor;HallBedroomDoor;ON;None
15/03/2008 09:53;HallBedroomDoor;HallBedroomDoor;ON;None
15/03/2008 09:53;HallBedroomDoor;HallBedroomDoor;ON;None
15/03/2008 10:07;HallBathroomDoor;HallBathroomDoor;ON;UseToilet
15/03/2008 10:09;ToiletFlush;ToiletFlush;ON;UseToilet
15/03/2008 10:09;ToiletFlush;ToiletFlush;ON;UseToilet
15/03/2008 10:09;HallBathroomDoor;HallBathroomDoor;ON;UseToilet
15/03/2008 10:09;HallToiletDoor;HallToiletDoor;ON;UseToilet
15/03/2008 10:09;Fridge;Fridge;ON;PrepareBreakfast
15/03/2008 10:09;Fridge;Fridge;ON;PrepareBreakfast
15/03/2008 10:10;PlatesCupboard;PlatesCupboard;ON;PrepareBreakfast
15/03/2008 10:10;GroceriesCupboard;GroceriesCupboard;ON;PrepareBreakfast
15/03/2008 10:10;Fridge;Fridge;ON;PrepareBreakfast
15/03/2008 10:40;HallBathroomDoor;HallBathroomDoor;ON;UseToilet
15/03/2008 10:41;HallBathroomDoor;HallBathroomDoor;ON;UseToilet
15/03/2008 12:36;HallBathroomDoor;HallBathroomDoor;ON;UseToilet
15/03/2008 12:37;HallBathroomDoor;HallBathroomDoor;ON;UseToilet
15/03/2008 13:41;PlatesCupboard;PlatesCupboard;ON;None
15/03/2008 13:41;Fridge;Fridge;ON;None
15/03/2008 13:41;Microwave;Microwave;ON;None
15/03/2008 13:43;Microwave;Microwave;ON;None
15/03/2008 13:56;HallBathroomDoor;HallBathroomDoor;ON;None
15/03/2008 13:56;HallBathroomDoor;HallBathroomDoor;ON;None
15/03/2008 14:05;HallBathroomDoor;HallBathroomDoor;ON;None
15/03/2008 14:05;HallBathroomDoor;HallBathroomDoor;ON;None
15/03/2008 14:30;HallBathroomDoor;HallBathroomDoor;ON;UseToilet
15/03/2008 14:31;ToiletFlush;ToiletFlush;ON;UseToilet
15/03/2008 14:31;HallBathroomDoor;HallBathroomDoor;ON;UseToilet
15/03/2008 14:31;ToiletFlush;ToiletFlush;ON;UseToilet
15/03/2008 14:35;HallToiletDoor;HallToiletDoor;ON;TakeShower
15/03/2008 14:45;HallToiletDoor;HallToiletDoor;ON;TakeShower
15/03/2008 14:45;HallToiletDoor;HallToiletDoor;ON;TakeShower
15/03/2008 15:39;Washingmachine;Washingmachine;ON;None
15/03/2008 15:39;Washingmachine;Washingmachine;ON;None
15/03/2008 15:42;Dishwasher;Dishwasher;ON;None
15/03/2008 15:42;PlatesCupboard;PlatesCupboard;ON;None
15/03/2008 15:43;CupsCupboard;CupsCupboard;ON;None
15/03/2008 15:44;CupsCupboard;CupsCupboard;ON;None
15/03/2008 15:45;PlatesCupboard;PlatesCupboard;ON;None
15/03/2008 15:46;GroceriesCupboard;GroceriesCupboard;ON;None
15/03/2008 16:10;Dishwasher;Dishwasher;ON;None
15/03/2008 18:02;Washingmachine;Washingmachine;ON;None
15/03/2008 18:02;Washingmachine;Washingmachine;ON;None
15/03/2008 18:15;GroceriesCupboard;GroceriesCupboard;ON;PrepareDinner
15/03/2008 18:15;GroceriesCupboard;GroceriesCupboard;ON;PrepareDinner
15/03/2008 18:15;Freezer;Freezer;ON;PrepareDinner
15/03/2008 18:16;Microwave;Microwave;ON;PrepareDinner
15/03/2008 18:26;PlatesCupboard;PlatesCupboard;ON;PrepareDinner
15/03/2008 18:26;Microwave;Microwave;ON;PrepareDinner
15/03/2008 18:38;Microwave;Microwave;ON;PrepareDinner
15/03/2008 18:38;Microwave;Microwave;ON;PrepareDinner
15/03/2008 18:55;CupsCupboard;CupsCupboard;ON;GetDrink
15/03/2008 18:55;Fridge;Fridge;ON;GetDrink
15/03/2008 18:55;Fridge;Fridge;ON;GetDrink
15/03/2008 19:34;Washingmachine;Washingmachine;ON;None
15/03/2008 19:34;Washingmachine;Washingmachine;ON;None
15/03/2008 19:34;Washingmachine;Washingmachine;ON;None
15/03/2008 19:44;HallBathroomDoor;HallBathroomDoor;ON;UseToilet
15/03/2008 19:44;HallToiletDoor;HallToiletDoor;ON;UseToilet
15/03/2008 19:44;ToiletFlush;ToiletFlush;ON;UseToilet
15/03/2008 19:44;ToiletFlush;ToiletFlush;ON;UseToilet
15/03/2008 19:44;HallBathroomDoor;HallBathroomDoor;ON;UseToilet
15/03/2008 19:45;Frontdoor;Frontdoor;ON;LeaveHouse
16/03/2008 00:28;Frontdoor;Frontdoor;ON;LeaveHouse
16/03/2008 00:31;GroceriesCupboard;GroceriesCupboard;ON;None
16/03/2008 00:32;Microwave;Microwave;ON;None
16/03/2008 00:32;Fridge;Fridge;ON;None
16/03/2008 00:32;Fridge;Fridge;ON;None
16/03/2008 00:36;PlatesCupboard;PlatesCupboard;ON;None
16/03/2008 00:36;Microwave;Microwave;ON;None
16/03/2008 01:28;HallToiletDoor;HallToiletDoor;ON;None
16/03/2008 01:28;HallToiletDoor;HallToiletDoor;ON;None
16/03/2008 01:30;HallToiletDoor;HallToiletDoor;ON;None
16/03/2008 01:30;HallBathroomDoor;HallBathroomDoor;ON;UseToilet
16/03/2008 01:30;ToiletFlush;ToiletFlush;ON;UseToilet
16/03/2008 01:31;HallBathroomDoor;HallBathroomDoor;ON;UseToilet
16/03/2008 09:05;HallBedroomDoor;HallBedroomDoor;ON;GoToBed
16/03/2008 09:05;HallBedroomDoor;HallBedroomDoor;ON;GoToBed
16/03/2008 09:06;HallBathroomDoor;HallBathroomDoor;ON;UseToilet
16/03/2008 09:07;ToiletFlush;ToiletFlush;ON;UseToilet
16/03/2008 09:07;HallBathroomDoor;HallBathroomDoor;ON;UseToilet
16/03/2008 09:07;HallBathroomDoor;HallBathroomDoor;ON;UseToilet
16/03/2008 09:07;ToiletFlush;ToiletFlush;ON;UseToilet
16/03/2008 09:20;HallBathroomDoor;HallBathroomDoor;ON;UseToilet
16/03/2008 09:22;ToiletFlush;ToiletFlush;ON;UseToilet
16/03/2008 09:22;HallBathroomDoor;HallBathroomDoor;ON;UseToilet
16/03/2008 09:22;HallToiletDoor;HallToiletDoor;ON;UseToilet
16/03/2008 09:22;HallToiletDoor;HallToiletDoor;ON;UseToilet
16/03/2008 10:04;PlatesCupboard;PlatesCupboard;ON;PrepareBreakfast
16/03/2008 10:04;PlatesCupboard;PlatesCupboard;ON;PrepareBreakfast
16/03/2008 10:04;GroceriesCupboard;GroceriesCupboard;ON;PrepareBreakfast
16/03/2008 10:04;Fridge;Fridge;ON;PrepareBreakfast
16/03/2008 10:04;Fridge;Fridge;ON;PrepareBreakfast
16/03/2008 10:42;HallToiletDoor;HallToiletDoor;ON;TakeShower
16/03/2008 10:48;HallToiletDoor;HallToiletDoor;ON;TakeShower
16/03/2008 10:48;HallToiletDoor;HallToiletDoor;ON;TakeShower
16/03/2008 11:27;Frontdoor;Frontdoor;ON;LeaveHouse
16/03/2008 11:37;Frontdoor;Frontdoor;ON;LeaveHouse
16/03/2008 11:51;Washingmachine;Washingmachine;ON;LeaveHouse
16/03/2008 11:51;Washingmachine;Washingmachine;ON;LeaveHouse
16/03/2008 11:55;Frontdoor;Frontdoor;ON;LeaveHouse
16/03/2008 12:35;Frontdoor;Frontdoor;ON;LeaveHouse
16/03/2008 12:36;Frontdoor;Frontdoor;ON;LeaveHouse
16/03/2008 12:36;HallBathroomDoor;HallBathroomDoor;ON;LeaveHouse
16/03/2008 12:37;ToiletFlush;ToiletFlush;ON;LeaveHouse
16/03/2008 12:37;HallBathroomDoor;HallBathroomDoor;ON;LeaveHouse
16/03/2008 13:07;HallToiletDoor;HallToiletDoor;ON;LeaveHouse
16/03/2008 13:07;HallToiletDoor;HallToiletDoor;ON;LeaveHouse
16/03/2008 13:08;HallBathroomDoor;HallBathroomDoor;ON;LeaveHouse
16/03/2008 13:08;ToiletFlush;ToiletFlush;ON;LeaveHouse
16/03/2008 13:11;HallToiletDoor;HallToiletDoor;ON;LeaveHouse
16/03/2008 13:14;HallToiletDoor;HallToiletDoor;ON;LeaveHouse
16/03/2008 13:16;HallToiletDoor;HallToiletDoor;ON;LeaveHouse
16/03/2008 13:43;HallToiletDoor;HallToiletDoor;ON;LeaveHouse
16/03/2008 13:54;Fridge;Fridge;ON;LeaveHouse
16/03/2008 13:54;Fridge;Fridge;ON;LeaveHouse
16/03/2008 13:54;GroceriesCupboard;GroceriesCupboard;ON;LeaveHouse
16/03/2008 13:55;GroceriesCupboard;GroceriesCupboard;ON;LeaveHouse
16/03/2008 13:55;GroceriesCupboard;GroceriesCupboard;ON;LeaveHouse
16/03/2008 13:55;GroceriesCupboard;GroceriesCupboard;ON;LeaveHouse
16/03/2008 13:55;Freezer;Freezer;ON;LeaveHouse
16/03/2008 13:55;GroceriesCupboard;GroceriesCupboard;ON;LeaveHouse
16/03/2008 13:55;GroceriesCupboard;GroceriesCupboard;ON;LeaveHouse
16/03/2008 13:56;PlatesCupboard;PlatesCupboard;ON;LeaveHouse
16/03/2008 13:56;GroceriesCupboard;GroceriesCupboard;ON;LeaveHouse
16/03/2008 13:56;PlatesCupboard;PlatesCupboard;ON;LeaveHouse
16/03/2008 13:56;CupsCupboard;CupsCupboard;ON;LeaveHouse
16/03/2008 14:00;Fridge;Fridge;ON;LeaveHouse
16/03/2008 14:00;Washingmachine;Washingmachine;ON;LeaveHouse
16/03/2008 14:13;HallToiletDoor;HallToiletDoor;ON;LeaveHouse
16/03/2008 14:13;HallToiletDoor;HallToiletDoor;ON;LeaveHouse
16/03/2008 14:14;Dishwasher;Dishwasher;ON;LeaveHouse
16/03/2008 14:16;Dishwasher;Dishwasher;ON;LeaveHouse
16/03/2008 15:20;HallBathroomDoor;HallBathroomDoor;ON;LeaveHouse
16/03/2008 15:20;HallToiletDoor;HallToiletDoor;ON;LeaveHouse
16/03/2008 15:21;ToiletFlush;ToiletFlush;ON;LeaveHouse
16/03/2008 15:21;HallBathroomDoor;HallBathroomDoor;ON;LeaveHouse
16/03/2008 15:22;Frontdoor;Frontdoor;ON;LeaveHouse
16/03/2008 15:28;Frontdoor;Frontdoor;ON;LeaveHouse
16/03/2008 15:29;HallBathroomDoor;HallBathroomDoor;ON;LeaveHouse
16/03/2008 15:30;ToiletFlush;ToiletFlush;ON;LeaveHouse
16/03/2008 15:30;HallBathroomDoor;HallBathroomDoor;ON;LeaveHouse
16/03/2008 15:34;Microwave;Microwave;ON;LeaveHouse
16/03/2008 15:34;Microwave;Microwave;ON;LeaveHouse
16/03/2008 16:03;HallToiletDoor;HallToiletDoor;ON;LeaveHouse
16/03/2008 16:03;HallToiletDoor;HallToiletDoor;ON;LeaveHouse
16/03/2008 16:03;Freezer;Freezer;ON;LeaveHouse
16/03/2008 16:04;Freezer;Freezer;ON;LeaveHouse
16/03/2008 16:04;GroceriesCupboard;GroceriesCupboard;ON;LeaveHouse
16/03/2008 16:04;GroceriesCupboard;GroceriesCupboard;ON;LeaveHouse
16/03/2008 16:04;PansCupboard;PansCupboard;ON;LeaveHouse
16/03/2008 16:05;Fridge;Fridge;ON;LeaveHouse
16/03/2008 16:17;Washingmachine;Washingmachine;ON;LeaveHouse
16/03/2008 16:17;Washingmachine;Washingmachine;ON;LeaveHouse
16/03/2008 16:36;HallBathroomDoor;HallBathroomDoor;ON;LeaveHouse
16/03/2008 16:37;ToiletFlush;ToiletFlush;ON;LeaveHouse
16/03/2008 16:37;HallBathroomDoor;HallBathroomDoor;ON;LeaveHouse
16/03/2008 17:03;GroceriesCupboard;GroceriesCupboard;ON;LeaveHouse
16/03/2008 17:03;GroceriesCupboard;GroceriesCupboard;ON;LeaveHouse
16/03/2008 17:06;PlatesCupboard;PlatesCupboard;ON;LeaveHouse
16/03/2008 17:12;GroceriesCupboard;GroceriesCupboard;ON;LeaveHouse
16/03/2008 17:12;Freezer;Freezer;ON;LeaveHouse
16/03/2008 17:12;HallBathroomDoor;HallBathroomDoor;ON;LeaveHouse
16/03/2008 17:13;ToiletFlush;ToiletFlush;ON;LeaveHouse
16/03/2008 17:17;Freezer;Freezer;ON;LeaveHouse
16/03/2008 17:19;HallBathroomDoor;HallBathroomDoor;ON;LeaveHouse
16/03/2008 17:20;HallBathroomDoor;HallBathroomDoor;ON;LeaveHouse
16/03/2008 17:23;HallBedroomDoor;HallBedroomDoor;ON;LeaveHouse
16/03/2008 17:28;HallBedroomDoor;HallBedroomDoor;ON;LeaveHouse
16/03/2008 17:28;HallToiletDoor;HallToiletDoor;ON;LeaveHouse
16/03/2008 17:35;HallBathroomDoor;HallBathroomDoor;ON;LeaveHouse
16/03/2008 17:35;ToiletFlush;ToiletFlush;ON;LeaveHouse
16/03/2008 17:35;HallBathroomDoor;HallBathroomDoor;ON;LeaveHouse
16/03/2008 17:36;HallBathroomDoor;HallBathroomDoor;ON;LeaveHouse
16/03/2008 17:36;HallBathroomDoor;HallBathroomDoor;ON;LeaveHouse
16/03/2008 17:43;HallToiletDoor;HallToiletDoor;ON;LeaveHouse
16/03/2008 17:44;HallToiletDoor;HallToiletDoor;ON;LeaveHouse
16/03/2008 17:45;HallToiletDoor;HallToiletDoor;ON;LeaveHouse
16/03/2008 17:48;Frontdoor;Frontdoor;ON;LeaveHouse
16/03/2008 21:15;Frontdoor;Frontdoor;ON;LeaveHouse
16/03/2008 21:15;Frontdoor;Frontdoor;ON;LeaveHouse
16/03/2008 21:15;HallBathroomDoor;HallBathroomDoor;ON;LeaveHouse
16/03/2008 21:16;HallBathroomDoor;HallBathroomDoor;ON;LeaveHouse
16/03/2008 21:17;ToiletFlush;ToiletFlush;ON;LeaveHouse
16/03/2008 21:17;HallBathroomDoor;HallBathroomDoor;ON;LeaveHouse
16/03/2008 21:22;Frontdoor;Frontdoor;ON;LeaveHouse
16/03/2008 21:22;HallBathroomDoor;HallBathroomDoor;ON;LeaveHouse
16/03/2008 21:37;Frontdoor;Frontdoor;ON;LeaveHouse
16/03/2008 21:38;HallBathroomDoor;HallBathroomDoor;ON;UseToilet
16/03/2008 21:38;HallBathroomDoor;HallBathroomDoor;ON;UseToilet
16/03/2008 21:38;ToiletFlush;ToiletFlush;ON;UseToilet
16/03/2008 21:46;CupsCupboard;CupsCupboard;ON;None
16/03/2008 21:46;CupsCupboard;CupsCupboard;ON;None
16/03/2008 21:46;CupsCupboard;CupsCupboard;ON;None
16/03/2008 22:00;HallToiletDoor;HallToiletDoor;ON;None
16/03/2008 22:00;HallToiletDoor;HallToiletDoor;ON;None
16/03/2008 22:02;HallToiletDoor;HallToiletDoor;ON;None
16/03/2008 22:03;HallBedroomDoor;HallBedroomDoor;ON;None
16/03/2008 22:46;HallBedroomDoor;HallBedroomDoor;ON;None
16/03/2008 22:46;HallBedroomDoor;HallBedroomDoor;ON;None
16/03/2008 22:47;HallBathroomDoor;HallBathroomDoor;ON;UseToilet
16/03/2008 22:47;ToiletFlush;ToiletFlush;ON;UseToilet
16/03/2008 22:47;HallBathroomDoor;HallBathroomDoor;ON;UseToilet
17/03/2008 05:44;HallBedroomDoor;HallBedroomDoor;ON;None
17/03/2008 05:44;HallBedroomDoor;HallBedroomDoor;ON;UseToilet
17/03/2008 05:44;HallBathroomDoor;HallBathroomDoor;ON;UseToilet
17/03/2008 05:45;ToiletFlush;ToiletFlush;ON;UseToilet
17/03/2008 05:45;HallBathroomDoor;HallBathroomDoor;ON;UseToilet
17/03/2008 08:10;HallBedroomDoor;HallBedroomDoor;ON;None
17/03/2008 08:10;HallBedroomDoor;HallBedroomDoor;ON;None
17/03/2008 08:30;HallBathroomDoor;HallBathroomDoor;ON;UseToilet
17/03/2008 08:30;ToiletFlush;ToiletFlush;ON;UseToilet
17/03/2008 08:31;HallBathroomDoor;HallBathroomDoor;ON;UseToilet
17/03/2008 08:32;PlatesCupboard;PlatesCupboard;ON;PrepareBreakfast
17/03/2008 08:32;GroceriesCupboard;GroceriesCupboard;ON;PrepareBreakfast
17/03/2008 08:32;Fridge;Fridge;ON;PrepareBreakfast
17/03/2008 08:32;Fridge;Fridge;ON;PrepareBreakfast
17/03/2008 08:54;HallToiletDoor;HallToiletDoor;ON;TakeShower
17/03/2008 08:54;HallToiletDoor;HallToiletDoor;ON;TakeShower
17/03/2008 09:02;HallToiletDoor;HallToiletDoor;ON;TakeShower
17/03/2008 09:02;HallToiletDoor;HallToiletDoor;ON;TakeShower
17/03/2008 09:09;HallBathroomDoor;HallBathroomDoor;ON;UseToilet
17/03/2008 09:12;ToiletFlush;ToiletFlush;ON;UseToilet
17/03/2008 09:13;ToiletFlush;ToiletFlush;ON;UseToilet
17/03/2008 09:13;HallBathroomDoor;HallBathroomDoor;ON;UseToilet
17/03/2008 09:14;HallBathroomDoor;HallBathroomDoor;ON;UseToilet
17/03/2008 09:14;HallBathroomDoor;HallBathroomDoor;ON;UseToilet
17/03/2008 09:14;HallBathroomDoor;HallBathroomDoor;ON;UseToilet
17/03/2008 09:14;HallToiletDoor;HallToiletDoor;ON;None
17/03/2008 09:16;Frontdoor;Frontdoor;ON;LeaveHouse
17/03/2008 19:11;Frontdoor;Frontdoor;ON;LeaveHouse
17/03/2008 19:13;HallBathroomDoor;HallBathroomDoor;ON;UseToilet
17/03/2008 19:13;HallBathroomDoor;HallBathroomDoor;ON;UseToilet
17/03/2008 19:13;ToiletFlush;ToiletFlush;ON;UseToilet
17/03/2008 19:43;PansCupboard;PansCupboard;ON;None
17/03/2008 19:43;PansCupboard;PansCupboard;ON;None
17/03/2008 19:43;Dishwasher;Dishwasher;ON;None
17/03/2008 19:49;PansCupboard;PansCupboard;ON;None
17/03/2008 19:50;PansCupboard;PansCupboard;ON;None
17/03/2008 19:50;PlatesCupboard;PlatesCupboard;ON;None
17/03/2008 19:53;PlatesCupboard;PlatesCupboard;ON;None
17/03/2008 19:53;CupsCupboard;CupsCupboard;ON;None
17/03/2008 20:02;GroceriesCupboard;GroceriesCupboard;ON;None
17/03/2008 20:02;GroceriesCupboard;GroceriesCupboard;ON;None
17/03/2008 20:05;HallBathroomDoor;HallBathroomDoor;ON;UseToilet
17/03/2008 20:06;ToiletFlush;ToiletFlush;ON;UseToilet
17/03/2008 20:06;HallBathroomDoor;HallBathroomDoor;ON;UseToilet
17/03/2008 20:08;PansCupboard;PansCupboard;ON;None
17/03/2008 20:08;PansCupboard;PansCupboard;ON;None
17/03/2008 20:08;PansCupboard;PansCupboard;ON;None
17/03/2008 20:09;PansCupboard;PansCupboard;ON;None
17/03/2008 20:12;PlatesCupboard;PlatesCupboard;ON;None
17/03/2008 20:17;CupsCupboard;CupsCupboard;ON;GetDrink
17/03/2008 20:38;Freezer;Freezer;ON;None
17/03/2008 20:38;Freezer;Freezer;ON;None
17/03/2008 21:33;Fridge;Fridge;ON;None
17/03/2008 21:33;Fridge;Fridge;ON;GetDrink
17/03/2008 21:33;CupsCupboard;CupsCupboard;ON;GetDrink
17/03/2008 21:33;CupsCupboard;CupsCupboard;ON;GetDrink
17/03/2008 22:26;HallBathroomDoor;HallBathroomDoor;ON;UseToilet
17/03/2008 22:27;ToiletFlush;ToiletFlush;ON;UseToilet
17/03/2008 22:27;HallBathroomDoor;HallBathroomDoor;ON;UseToilet
18/03/2008 00:48;HallBathroomDoor;HallBathroomDoor;ON;UseToilet
18/03/2008 00:49;HallBathroomDoor;HallBathroomDoor;ON;UseToilet
18/03/2008 00:49;ToiletFlush;ToiletFlush;ON;UseToilet
18/03/2008 00:49;ToiletFlush;ToiletFlush;ON;None
18/03/2008 00:49;HallToiletDoor;HallToiletDoor;ON;None
18/03/2008 00:52;HallBedroomDoor;HallBedroomDoor;ON;None
18/03/2008 00:52;HallBedroomDoor;HallBedroomDoor;ON;None
18/03/2008 06:22;HallBedroomDoor;HallBedroomDoor;ON;None
18/03/2008 06:22;HallBedroomDoor;HallBedroomDoor;ON;None
18/03/2008 06:23;HallBathroomDoor;HallBathroomDoor;ON;UseToilet
18/03/2008 06:23;ToiletFlush;ToiletFlush;ON;UseToilet
18/03/2008 06:23;HallBathroomDoor;HallBathroomDoor;ON;UseToilet
18/03/2008 07:48;HallBedroomDoor;HallBedroomDoor;ON;None
18/03/2008 07:48;HallBedroomDoor;HallBedroomDoor;ON;None
18/03/2008 08:15;HallBathroomDoor;HallBathroomDoor;ON;UseToilet
18/03/2008 08:16;ToiletFlush;ToiletFlush;ON;UseToilet
18/03/2008 08:18;ToiletFlush;ToiletFlush;ON;UseToilet
18/03/2008 08:18;HallBathroomDoor;HallBathroomDoor;ON;UseToilet
18/03/2008 08:18;ToiletFlush;ToiletFlush;ON;UseToilet
18/03/2008 08:19;ToiletFlush;ToiletFlush;ON;UseToilet
18/03/2008 08:19;HallToiletDoor;HallToiletDoor;ON;UseToilet
18/03/2008 08:20;PlatesCupboard;PlatesCupboard;ON;PrepareBreakfast
18/03/2008 08:20;Freezer;Freezer;ON;PrepareBreakfast
18/03/2008 08:21;Freezer;Freezer;ON;PrepareBreakfast
18/03/2008 08:21;Microwave;Microwave;ON;PrepareBreakfast
18/03/2008 08:22;Microwave;Microwave;ON;PrepareBreakfast
18/03/2008 08:22;Fridge;Fridge;ON;PrepareBreakfast
18/03/2008 08:23;Fridge;Fridge;ON;PrepareBreakfast
18/03/2008 08:39;HallToiletDoor;HallToiletDoor;ON;TakeShower
18/03/2008 08:52;HallToiletDoor;HallToiletDoor;ON;TakeShower
18/03/2008 08:52;HallToiletDoor;HallToiletDoor;ON;TakeShower
18/03/2008 09:15;Frontdoor;Frontdoor;ON;LeaveHouse
18/03/2008 18:00;Frontdoor;Frontdoor;ON;LeaveHouse
18/03/2008 18:07;ToiletFlush;ToiletFlush;ON;UseToilet
18/03/2008 18:07;ToiletFlush;ToiletFlush;ON;UseToilet
18/03/2008 18:08;HallBathroomDoor;HallBathroomDoor;ON;UseToilet
18/03/2008 18:21;HallBathroomDoor;HallBathroomDoor;ON;UseToilet
18/03/2008 18:22;ToiletFlush;ToiletFlush;ON;UseToilet
18/03/2008 18:23;HallBathroomDoor;HallBathroomDoor;ON;UseToilet
18/03/2008 18:25;Frontdoor;Frontdoor;ON;LeaveHouse
18/03/2008 23:39;Frontdoor;Frontdoor;ON;LeaveHouse
18/03/2008 23:39;Frontdoor;Frontdoor;ON;LeaveHouse
19/03/2008 00:40;HallBathroomDoor;HallBathroomDoor;ON;UseToilet
19/03/2008 00:41;HallBathroomDoor;HallBathroomDoor;ON;UseToilet
19/03/2008 00:42;HallToiletDoor;HallToiletDoor;ON;None
19/03/2008 07:50;HallBedroomDoor;HallBedroomDoor;ON;None
19/03/2008 07:51;HallBedroomDoor;HallBedroomDoor;ON;UseToilet
19/03/2008 07:51;HallBathroomDoor;HallBathroomDoor;ON;UseToilet
19/03/2008 07:51;HallToiletDoor;HallToiletDoor;ON;UseToilet
19/03/2008 07:51;HallToiletDoor;HallToiletDoor;ON;UseToilet
19/03/2008 08:43;HallBedroomDoor;HallBedroomDoor;ON;None
19/03/2008 08:43;HallBedroomDoor;HallBedroomDoor;ON;None
19/03/2008 09:38;Fridge;Fridge;ON;PrepareBreakfast
19/03/2008 09:38;GroceriesCupboard;GroceriesCupboard;ON;PrepareBreakfast
19/03/2008 09:38;Freezer;Freezer;ON;PrepareBreakfast
19/03/2008 09:39;Fridge;Fridge;ON;PrepareBreakfast
19/03/2008 09:39;Microwave;Microwave;ON;PrepareBreakfast
19/03/2008 09:39;Freezer;Freezer;ON;PrepareBreakfast
19/03/2008 09:39;CupsCupboard;CupsCupboard;ON;PrepareBreakfast
19/03/2008 09:40;Microwave;Microwave;ON;PrepareBreakfast
19/03/2008 09:48;HallBathroomDoor;HallBathroomDoor;ON;UseToilet
19/03/2008 09:49;ToiletFlush;ToiletFlush;ON;UseToilet
19/03/2008 09:49;HallBathroomDoor;HallBathroomDoor;ON;UseToilet
19/03/2008 09:49;ToiletFlush;ToiletFlush;ON;UseToilet
19/03/2008 09:58;HallToiletDoor;HallToiletDoor;ON;TakeShower
19/03/2008 09:58;HallToiletDoor;HallToiletDoor;ON;TakeShower
19/03/2008 10:09;Frontdoor;Frontdoor;ON;LeaveHouse
19/03/2008 10:09;Frontdoor;Frontdoor;ON;LeaveHouse
19/03/2008 17:15;Frontdoor;Frontdoor;ON;LeaveHouse
19/03/2008 17:19;HallToiletDoor;HallToiletDoor;ON;TakeShower
19/03/2008 17:21;HallToiletDoor;HallToiletDoor;ON;TakeShower
19/03/2008 17:26;Frontdoor;Frontdoor;ON;LeaveHouse
19/03/2008 20:19;Frontdoor;Frontdoor;ON;LeaveHouse
19/03/2008 20:46;HallBathroomDoor;HallBathroomDoor;ON;UseToilet
19/03/2008 20:48;ToiletFlush;ToiletFlush;ON;UseToilet
19/03/2008 20:48;HallBathroomDoor;HallBathroomDoor;ON;UseToilet
19/03/2008 21:19;CupsCupboard;CupsCupboard;ON;None
19/03/2008 21:20;GroceriesCupboard;GroceriesCupboard;ON;None
19/03/2008 21:49;HallBathroomDoor;HallBathroomDoor;ON;UseToilet
19/03/2008 21:51;ToiletFlush;ToiletFlush;ON;UseToilet
19/03/2008 21:51;HallBathroomDoor;HallBathroomDoor;ON;UseToilet
19/03/2008 21:51;HallBathroomDoor;HallBathroomDoor;ON;UseToilet
19/03/2008 21:51;HallBathroomDoor;HallBathroomDoor;ON;UseToilet
19/03/2008 21:51;HallBathroomDoor;HallBathroomDoor;ON;UseToilet
19/03/2008 21:51;HallBathroomDoor;HallBathroomDoor;ON;None
19/03/2008 21:52;HallBathroomDoor;HallBathroomDoor;ON;None
19/03/2008 21:52;HallBathroomDoor;HallBathroomDoor;ON;None
19/03/2008 21:53;HallToiletDoor;HallToiletDoor;ON;None
19/03/2008 21:53;HallBathroomDoor;HallBathroomDoor;ON;None
19/03/2008 21:54;HallToiletDoor;HallToiletDoor;ON;None
20/03/2008 00:34;HallBedroomDoor;HallBedroomDoor;ON;None
20/03/2008 00:34;HallBedroomDoor;HallBedroomDoor;ON;None
20/03/2008 00:35;HallBathroomDoor;HallBathroomDoor;ON;UseToilet
20/03/2008 00:35;ToiletFlush;ToiletFlush;ON;UseToilet
20/03/2008 00:35;HallBathroomDoor;HallBathroomDoor;ON;UseToilet
20/03/2008 00:35;ToiletFlush;ToiletFlush;ON;UseToilet
20/03/2008 06:57;HallBedroomDoor;HallBedroomDoor;ON;None
20/03/2008 06:57;HallBedroomDoor;HallBedroomDoor;ON;UseToilet
20/03/2008 06:57;HallBathroomDoor;HallBathroomDoor;ON;UseToilet
20/03/2008 06:58;HallBedroomDoor;HallBedroomDoor;ON;UseToilet
20/03/2008 06:58;ToiletFlush;ToiletFlush;ON;UseToilet
20/03/2008 06:58;HallBathroomDoor;HallBathroomDoor;ON;UseToilet
20/03/2008 08:31;HallBedroomDoor;HallBedroomDoor;ON;None
20/03/2008 08:31;HallBedroomDoor;HallBedroomDoor;ON;None
20/03/2008 08:45;HallBathroomDoor;HallBathroomDoor;ON;UseToilet
20/03/2008 08:46;ToiletFlush;ToiletFlush;ON;UseToilet
20/03/2008 08:46;HallBathroomDoor;HallBathroomDoor;ON;UseToilet
20/03/2008 09:12;PlatesCupboard;PlatesCupboard;ON;PrepareBreakfast
20/03/2008 09:12;Freezer;Freezer;ON;PrepareBreakfast
20/03/2008 09:12;PlatesCupboard;PlatesCupboard;ON;PrepareBreakfast
20/03/2008 09:12;PlatesCupboard;PlatesCupboard;ON;PrepareBreakfast
20/03/2008 09:12;Microwave;Microwave;ON;PrepareBreakfast
20/03/2008 09:12;Freezer;Freezer;ON;PrepareBreakfast
20/03/2008 09:13;Microwave;Microwave;ON;PrepareBreakfast
20/03/2008 09:14;GroceriesCupboard;GroceriesCupboard;ON;PrepareBreakfast
20/03/2008 09:14;Fridge;Fridge;ON;PrepareBreakfast
20/03/2008 09:14;Fridge;Fridge;ON;PrepareBreakfast
20/03/2008 09:42;HallToiletDoor;HallToiletDoor;ON;TakeShower
20/03/2008 09:42;HallToiletDoor;HallToiletDoor;ON;TakeShower
20/03/2008 09:43;HallToiletDoor;HallToiletDoor;ON;TakeShower
20/03/2008 09:49;HallToiletDoor;HallToiletDoor;ON;TakeShower
20/03/2008 09:49;HallToiletDoor;HallToiletDoor;ON;TakeShower
20/03/2008 09:57;Frontdoor;Frontdoor;ON;LeaveHouse
20/03/2008 22:49;Frontdoor;Frontdoor;ON;LeaveHouse
20/03/2008 22:49;Frontdoor;Frontdoor;ON;LeaveHouse
20/03/2008 22:51;HallToiletDoor;HallToiletDoor;ON;UseToilet
20/03/2008 22:51;HallBathroomDoor;HallBathroomDoor;ON;UseToilet
20/03/2008 22:52;ToiletFlush;ToiletFlush;ON;UseToilet
20/03/2008 22:55;ToiletFlush;ToiletFlush;ON;UseToilet
20/03/2008 22:55;HallBathroomDoor;HallBathroomDoor;ON;UseToilet
20/03/2008 22:55;HallToiletDoor;HallToiletDoor;ON;UseToilet
20/03/2008 23:36;HallBathroomDoor;HallBathroomDoor;ON;UseToilet
20/03/2008 23:40;ToiletFlush;ToiletFlush;ON;UseToilet
20/03/2008 23:40;HallBathroomDoor;HallBathroomDoor;ON;UseToilet
20/03/2008 23:40;HallToiletDoor;HallToiletDoor;ON;UseToilet
20/03/2008 23:56;HallToiletDoor;HallToiletDoor;ON;None
20/03/2008 23:56;HallToiletDoor;HallToiletDoor;ON;None
20/03/2008 23:58;HallBathroomDoor;HallBathroomDoor;ON;UseToilet
20/03/2008 23:58;HallBathroomDoor;HallBathroomDoor;ON;UseToilet
20/03/2008 23:59;ToiletFlush;ToiletFlush;ON;UseToilet
20/03/2008 23:59;HallBathroomDoor;HallBathroomDoor;ON;UseToilet
20/03/2008 23:59;HallToiletDoor;HallToiletDoor;ON;UseToilet
21/03/2008 00:00;HallBedroomDoor;HallBedroomDoor;ON;None
21/03/2008 03:49;HallBedroomDoor;HallBedroomDoor;ON;UseToilet
21/03/2008 03:49;HallBathroomDoor;HallBathroomDoor;ON;UseToilet
21/03/2008 03:49;HallBedroomDoor;HallBedroomDoor;ON;UseToilet
21/03/2008 03:50;ToiletFlush;ToiletFlush;ON;UseToilet
21/03/2008 08:30;HallBedroomDoor;HallBedroomDoor;ON;None
21/03/2008 08:31;HallBathroomDoor;HallBathroomDoor;ON;UseToilet
21/03/2008 08:31;ToiletFlush;ToiletFlush;ON;UseToilet
21/03/2008 08:31;HallBathroomDoor;HallBathroomDoor;ON;UseToilet
21/03/2008 09:04;HallBedroomDoor;HallBedroomDoor;ON;None
21/03/2008 09:04;HallBedroomDoor;HallBedroomDoor;ON;None
21/03/2008 09:13;HallBathroomDoor;HallBathroomDoor;ON;UseToilet
21/03/2008 09:14;ToiletFlush;ToiletFlush;ON;UseToilet
21/03/2008 09:14;HallBathroomDoor;HallBathroomDoor;ON;UseToilet
21/03/2008 09:17;HallToiletDoor;HallToiletDoor;ON;TakeShower
21/03/2008 09:24;HallToiletDoor;HallToiletDoor;ON;TakeShower
21/03/2008 09:24;HallToiletDoor;HallToiletDoor;ON;TakeShower
21/03/2008 09:42;Frontdoor;Frontdoor;ON;LeaveHouse
21/03/2008 15:50;Frontdoor;Frontdoor;ON;LeaveHouse
21/03/2008 15:52;HallBathroomDoor;HallBathroomDoor;ON;UseToilet
21/03/2008 15:52;ToiletFlush;ToiletFlush;ON;UseToilet
21/03/2008 15:52;HallBathroomDoor;HallBathroomDoor;ON;UseToilet
21/03/2008 15:53;HallToiletDoor;HallToiletDoor;ON;UseToilet
21/03/2008 15:54;HallToiletDoor;HallToiletDoor;ON;None
21/03/2008 15:57;GroceriesCupboard;GroceriesCupboard;ON;None
21/03/2008 15:57;Fridge;Fridge;ON;None
21/03/2008 17:03;HallBedroomDoor;HallBedroomDoor;ON;GoToBed
21/03/2008 17:06;HallBedroomDoor;HallBedroomDoor;ON;GoToBed
21/03/2008 17:06;HallBedroomDoor;HallBedroomDoor;ON;GoToBed
21/03/2008 18:05;HallBedroomDoor;HallBedroomDoor;ON;GoToBed
21/03/2008 18:24;HallToiletDoor;HallToiletDoor;ON;UseToilet
21/03/2008 18:24;HallToiletDoor;HallToiletDoor;ON;UseToilet
21/03/2008 18:24;HallToiletDoor;HallToiletDoor;ON;UseToilet
21/03/2008 18:25;HallBathroomDoor;HallBathroomDoor;ON;None
21/03/2008 18:27;Fridge;Fridge;ON;None
21/03/2008 18:27;Fridge;Fridge;ON;None
21/03/2008 18:28;Fridge;Fridge;ON;None
21/03/2008 18:28;Freezer;Freezer;ON;None
21/03/2008 19:11;Frontdoor;Frontdoor;ON;LeaveHouse
23/03/2008 19:04;Frontdoor;Frontdoor;ON;LeaveHouse
